vehicle_number,leave_time,train,route_number,direction,stop_time,arrive_time,location_id,estimated_load,train_mileage,pattern_distance,location_distance,x_coordinate,y_coordinate,data_source,schedule_status,leave,stop,arrive
4004,72448,6001,60,1,,72422,908,5,0.1597,0.1877,29.746455,-122.67053,45.62856166666667,2,2,20:07:28,,20:07:02
4004,73043,6001,60,1,,73016,1015,4,2.6365,2.7452,31.451118,-122.68468333333334,45.61230333333334,2,2,20:17:23,,20:16:56
4004,73241,6001,60,1,73260.0,73241,832,0,4.1812,4.3782,12.873224,-122.68545833333332,45.596131666666665,2,6,20:20:41,20:21:00,20:20:41
4004,72370,6001,60,1,72420.0,72370,906,5,0.0,0.0,15.52539,-122.67053,45.62621333333333,2,5,20:06:10,20:07:00,20:06:10
