vehicle_number,leave_time,train,route_number,direction,stop_time,arrive_time,location_id,estimated_load,train_mileage,pattern_distance,location_distance,x_coordinate,y_coordinate,data_source,schedule_status,leave,stop,arrive
2291,36853,6002,60,0,36720.0,36853,906,3,4.477,4.5254,562.754491,-122.67059,45.62779333333334,2,6,10:14:13,10:12:00,10:14:13
2291,36021,6002,60,0,36000.0,36021,832,2,0.0,0.0,140.094625,-122.68552333333334,45.59577333333333,2,5,10:00:21,10:00:00,10:00:21
2291,36362,6002,60,0,36300.0,36319,919,2,1.9486,2.017,32.123787,-122.681215,45.61102,2,4,10:06:02,10:05:00,10:05:19
