vehicle_number,leave_time,train,route_number,direction,stop_time,arrive_time,location_id,estimated_load,train_mileage,pattern_distance,location_distance,x_coordinate,y_coordinate,data_source,schedule_status,leave,stop,arrive
4015,40418,6501,65,0,40440,40418,0.0,4,1.5019,1.5043,33.921126,-122.54592666666667,45.57463,1,4,11:13:38,11:14:00,11:13:38
4015,40535,6501,65,0,40620,40535,0.0,4,3.3442,3.3716,189.890415,-122.55069,45.599986666666666,1,4,11:15:35,11:17:00,11:15:35
4015,40598,6501,65,0,40740,40598,0.0,4,4.116,4.1445,39.788927,-122.54543666666666,45.60204,1,4,11:16:38,11:19:00,11:16:38
4015,40863,6501,65,0,41040,40863,492.0,0,6.6238,6.5592,116.386279,-122.50523166666666,45.594525,2,6,11:21:03,11:24:00,11:21:03
