vehicle_number,leave_time,train,route_number,direction,stop_time,arrive_time,location_id,estimated_load,train_mileage,pattern_distance,location_distance,x_coordinate,y_coordinate,data_source,schedule_status,leave,stop,arrive
2901,54397,601,6,1,,54397,1035,3,1.3366,1.3527,40.222298,-122.67531333333334,45.64025166666666,2,2,15:06:37,,15:06:37
2901,54006,601,6,1,54000.0,54006,880,2,0.0,0.0,16.868125,-122.65561166666669,45.638285,2,5,15:00:06,15:00:00,15:00:06
2901,54369,601,6,1,54360.0,54296,1019,3,1.1794,1.2135,29.364416,-122.67272,45.64024333333333,2,4,15:06:09,15:06:00,15:04:56
2901,54246,601,6,1,54360.0,54246,128,2,0.9495,0.937,131.304815,-122.66740666666666,45.64019666666667,2,2,15:04:06,15:06:00,15:04:06
2901,54516,601,6,1,54360.0,54516,3,3,2.2301,2.2605,82.640308,-122.69251,45.641686666666665,2,2,15:08:36,15:06:00,15:08:36
