vehicle_number,leave_time,train,route_number,direction,stop_time,arrive_time,location_id,estimated_load,train_mileage,pattern_distance,location_distance,x_coordinate,y_coordinate,data_source,schedule_status,leave,stop,arrive
2291,65269,6002,60,1,65340.0,65269,906,5,0.0,0.0,624.625826,-122.67058333333334,45.62796333333333,2,5,18:07:49,18:09:00,18:07:49
2291,65538,6002,60,1,65520.0,65373,1132,1,0.1541,0.3275,11.25233,-122.670445,45.63051333333333,2,4,18:12:18,18:12:00,18:09:33
2291,65970,6002,60,1,65520.0,65970,1015,3,2.5302,2.7452,131.175328,-122.68441,45.61269833333333,2,2,18:19:30,18:12:00,18:19:30
2291,65305,6002,60,1,65520.0,65281,908,6,0.0224,0.1877,37.972657,-122.670535,45.62859,2,2,18:08:25,18:12:00,18:08:01
