vehicle_number,leave_time,train,route_number,direction,stop_time,arrive_time,location_id,estimated_load,train_mileage,pattern_distance,location_distance,x_coordinate,y_coordinate,data_source,schedule_status,leave,stop,arrive
1298380,53544,6501,65,0,53340,53544,0.0,6,4.1085,4.1445,255.22544,-122.54627833333332,45.60209166666667,1,4,14:52:24,14:49:00,14:52:24
1298380,53344,6501,65,0,53040,53344,0.0,6,1.4981,1.5043,127.045152,-122.545775,45.57486166666666,1,4,14:49:04,14:44:00,14:49:04
1298380,53645,6501,65,0,53520,53645,0.0,6,5.6887,5.7222,94.346543,-122.51423166666666,45.59448166666667,1,4,14:54:05,14:52:00,14:54:05
1298380,53792,6501,65,0,53640,53792,492.0,2,6.612,6.5592,106.831698,-122.50520166666666,45.59450666666667,2,6,14:56:32,14:54:00,14:56:32
