vehicle_number,leave_time,train,route_number,direction,stop_time,arrive_time,location_id,estimated_load,train_mileage,pattern_distance,location_distance,x_coordinate,y_coordinate,data_source,schedule_status,leave,stop,arrive
2291,56638,6002,60,1,,56625,908,6,0.0168,0.1877,30.777708,-122.67054166666668,45.628555,2,2,15:43:58,,15:43:45
2291,57071,6002,60,1,,57057,1015,2,2.4905,2.7452,15.440052,-122.68462833333334,45.61242,2,2,15:51:11,,15:50:57
2291,56701,6002,60,1,56520.0,56671,1132,2,0.1498,0.3275,11.506314,-122.67043833333334,45.63051166666666,2,4,15:45:01,15:42:00,15:44:31
2291,56974,6002,60,1,56820.0,56974,986,2,2.117,2.2972,161.67168,-122.68139,45.610686666666666,2,4,15:49:34,15:47:00,15:49:34
