vehicle_number,leave_time,train,route_number,direction,stop_time,arrive_time,location_id,estimated_load,train_mileage,pattern_distance,location_distance,x_coordinate,y_coordinate,data_source,schedule_status,leave,stop,arrive
4004,37837,6001,60,0,37200.0,37786,919,3,1.9468,2.017,15.069014,-122.681185,45.61106166666666,2,4,10:30:37,10:20:00,10:29:46
4004,36923,6001,60,0,36900.0,36923,832,8,0.0,0.0,120.482665,-122.68550666666668,45.59582666666667,2,5,10:15:23,10:15:00,10:15:23
4004,37980,6001,60,0,36900.0,37980,1015,4,2.3954,2.465,126.404751,-122.68440333333334,45.61268,2,2,10:33:00,10:15:00,10:33:00
