vehicle_number,leave_time,train,route_number,direction,stop_time,arrive_time,location_id,estimated_load,train_mileage,pattern_distance,location_distance,x_coordinate,y_coordinate,data_source,schedule_status,leave,stop,arrive
4015,36902,6501,65,0,36840,36902,0.0,3,1.5118,1.5043,310.577056,-122.546545,45.57379333333333,1,4,10:15:02,10:14:00,10:15:02
4015,37014,6501,65,0,37020,37014,0.0,3,3.3492,3.3716,62.404813,-122.55075833333332,45.60033666666666,1,4,10:16:54,10:17:00,10:16:54
4015,37331,6501,65,0,37440,37331,492.0,0,6.6331,6.5592,101.466206,-122.50521,45.59448666666667,2,6,10:22:11,10:24:00,10:22:11
4015,37177,6501,65,0,37320,37177,0.0,3,5.7011,5.7222,234.073816,-122.51543,45.594773333333336,1,4,10:19:37,10:22:00,10:19:37
