vehicle_number,leave_time,train,route_number,direction,stop_time,arrive_time,location_id,estimated_load,train_mileage,pattern_distance,location_distance,x_coordinate,y_coordinate,data_source,schedule_status,leave,stop,arrive
2294,29711,6001,60,0,29700.0,29711,832,13,0.0,0.0,124.691775,-122.68549833333331,45.595815,2,5,08:15:11,08:15:00,08:15:11
2294,30327,6001,60,0,30420.0,30327,906,10,4.3583,4.5254,12.169093,-122.67051166666668,45.62621833333333,2,6,08:25:27,08:27:00,08:25:27
2294,29888,6001,60,0,30420.0,29888,918,13,1.6131,1.6317,16.182065,-122.67735166666668,45.611356666666666,2,2,08:18:08,08:27:00,08:18:08
