vehicle_number,leave_time,train,route_number,direction,stop_time,arrive_time,location_id,estimated_load,train_mileage,pattern_distance,location_distance,x_coordinate,y_coordinate,data_source,schedule_status,leave,stop,arrive
2287,52569,2502,19,1,52500.0,52569,1046,0,1.8492,1.8647,61.576004,-122.65144166666668,45.72505666666667,2,4,14:36:09,14:35:00,14:36:09
2287,52901,2502,19,1,52500.0,52901,531,0,3.3716,3.402,42.281991,-122.65097333333334,45.70354,2,2,14:41:41,14:35:00,14:41:41
2287,52323,2502,19,1,52200.0,52323,1044,0,0.0,0.0,52.942968,-122.64101166666669,45.729185,2,5,14:32:03,14:30:00,14:32:03
2287,52943,2502,19,1,52200.0,52943,534,0,3.8115,3.8649,46.105931,-122.65453,45.69706333333333,2,2,14:42:23,14:30:00,14:42:23
2287,52823,2502,19,1,52200.0,52823,933,0,2.9633,2.9876,120.073057,-122.64921166666667,45.70883666666667,2,2,14:40:23,14:30:00,14:40:23
2287,53047,2502,19,1,52200.0,53047,756,0,4.0756,4.1259,188.157174,-122.65671166666668,45.69318,2,2,14:44:07,14:30:00,14:44:07
2287,52910,2502,19,1,52200.0,52910,532,0,3.4735,3.5356,170.642883,-122.65177166666666,45.70206666666667,2,2,14:41:50,14:30:00,14:41:50
2287,52922,2502,19,1,52200.0,52922,533,0,3.5971,3.6624,7.896294,-122.65297,45.699925,2,2,14:42:02,14:30:00,14:42:02
2287,52767,2502,19,1,52200.0,52718,931,0,2.4942,2.5613,48.075375,-122.651575,45.714995,2,2,14:39:27,14:30:00,14:38:38
