vehicle_number,leave_time,train,route_number,direction,stop_time,arrive_time,location_id,estimated_load,train_mileage,pattern_distance,location_distance,x_coordinate,y_coordinate,data_source,schedule_status,leave,stop,arrive
2291,74903,6002,60,1,74640.0,74886,986,6,2.2195,2.2972,22.240575,-122.6812,45.611045,2,4,20:48:23,20:44:00,20:48:06
2291,74677,6002,60,1,74400.0,74513,1132,6,0.2908,0.3275,4.176869,-122.67044166666666,45.63053333333333,2,4,20:44:37,20:40:00,20:41:53
2291,75001,6002,60,1,74400.0,75001,1015,6,2.6682,2.7452,124.095645,-122.684445,45.61269,2,2,20:50:01,20:40:00,20:50:01
2291,75198,6002,60,1,75060.0,75198,832,0,4.1862,4.3782,52.018811,-122.68547333333332,45.596015,2,6,20:53:18,20:51:00,20:53:18
