vehicle_number,leave_time,train,route_number,direction,stop_time,arrive_time,location_id,estimated_load,train_mileage,pattern_distance,location_distance,x_coordinate,y_coordinate,data_source,schedule_status,leave,stop,arrive
2404,40231,601,6,1,,40212,3,4,2.1705,2.2605,10.654839,-122.69249166666668,45.641435,2,2,11:10:31,,11:10:12
2404,40120,601,6,1,,40120,1036,3,1.5559,1.5801,96.933328,-122.68053166666668,45.640285,2,2,11:08:40,,11:08:40
2404,39761,601,6,1,39600.0,39761,880,5,0.0,0.0,129.691659,-122.65571666666666,45.63794,2,5,11:02:41,11:00:00,11:02:41
2404,39984,601,6,1,39600.0,39984,128,5,0.924,0.937,146.307914,-122.66746333333332,45.640185,2,2,11:06:24,11:00:00,11:06:24
2404,40285,601,6,1,40200.0,40285,995,4,2.4911,2.5445,90.041038,-122.69241666666667,45.64583666666667,2,6,11:11:25,11:10:00,11:11:25
