vehicle_number,leave_time,train,route_number,direction,stop_time,arrive_time,location_id,estimated_load,train_mileage,pattern_distance,location_distance,x_coordinate,y_coordinate,data_source,schedule_status,leave,stop,arrive
4015,50742,6501,65,1,50820,50742,0.0,7,4.6951,4.8989,253.692304,-122.54395833333334,45.58025,1,4,14:05:42,14:07:00,14:05:42
4015,50978,6501,65,1,51000,50978,722.0,2,6.9103,7.2607,17.585503,-122.56456333333334,45.558735,2,6,14:09:38,14:10:00,14:09:38
4015,50630,6501,65,1,50700,50630,0.0,7,3.0143,3.215,10.830651,-122.55167666666668,45.60310666666667,1,4,14:03:50,14:05:00,14:03:50
