vehicle_number,leave_time,train,route_number,direction,stop_time,arrive_time,location_id,estimated_load,train_mileage,pattern_distance,location_distance,x_coordinate,y_coordinate,data_source,schedule_status,leave,stop,arrive
4004,61762,6001,60,1,61860.0,61762,832,0,4.0737,4.3782,10.917195,-122.68546,45.596138333333336,2,6,17:09:22,17:11:00,17:09:22
4004,60656,6001,60,1,60840.0,60656,906,8,0.0,0.0,533.751049,-122.67060166666668,45.62771333333333,2,5,16:50:56,16:54:00,16:50:56
4004,61025,6001,60,1,61020.0,60785,1132,4,0.1808,0.3275,26.486297,-122.67044666666666,45.630615,2,4,16:57:05,16:57:00,16:53:05
4004,60749,6001,60,1,61020.0,60671,908,4,0.0478,0.1877,34.293512,-122.670545,45.62856833333333,2,2,16:52:29,16:57:00,16:51:11
