vehicle_number,leave_time,train,route_number,direction,stop_time,arrive_time,location_id,estimated_load,train_mileage,pattern_distance,location_distance,x_coordinate,y_coordinate,data_source,schedule_status,leave,stop,arrive
2294,37648,6001,60,0,37620.0,37648,906,3,4.4639,4.5254,545.046435,-122.67058,45.627745,2,6,10:27:28,10:27:00,10:27:28
2294,36918,6001,60,0,36900.0,36918,832,3,0.0,0.0,138.086734,-122.685505,45.595778333333335,2,5,10:15:18,10:15:00,10:15:18
2294,37312,6001,60,0,36900.0,37312,1015,3,2.3923,2.465,122.819842,-122.68444666666667,45.61268666666667,2,2,10:21:52,10:15:00,10:21:52
