vehicle_number,leave_time,train,route_number,direction,stop_time,arrive_time,location_id,estimated_load,train_mileage,pattern_distance,location_distance,x_coordinate,y_coordinate,data_source,schedule_status,leave,stop,arrive
2401,59219,2501,19,1,58260.0,59219,877,1,4.6348,4.7945,39.060122,-122.66401,45.69030833333333,2,6,16:26:59,16:11:00,16:26:59
2401,57804,2501,19,1,58260.0,57778,531,1,3.2218,3.402,45.931211,-122.65112166666668,45.703336666666665,2,2,16:03:24,16:11:00,16:02:58
2401,57307,2501,19,1,57240.0,57307,1044,1,0.0,0.0,338.067314,-122.64101333333332,45.72998166666667,2,5,15:55:07,15:54:00,15:55:07
2401,57545,2501,19,1,57540.0,57539,1046,1,1.7063,1.8647,3.639855,-122.65146,45.725225,2,4,15:59:05,15:59:00,15:58:59
2401,57669,2501,19,1,57540.0,57669,931,1,2.4451,2.5613,201.476641,-122.651445,45.71458333333333,2,2,16:01:09,15:59:00,16:01:09
2401,57749,2501,19,1,57540.0,57749,530,1,3.0932,3.2193,202.046671,-122.64996166666668,45.70540166666667,2,2,16:02:29,15:59:00,16:02:29
2401,57834,2501,19,1,57540.0,57834,533,1,3.5163,3.6624,101.714687,-122.653145,45.69966166666666,2,2,16:03:54,15:59:00,16:03:54
2401,57892,2501,19,1,57540.0,57892,756,1,3.9967,4.1259,182.106114,-122.65671333333331,45.693198333333335,2,2,16:04:52,15:59:00,16:04:52
2401,57821,2501,19,1,57540.0,57821,532,1,3.3834,3.5356,47.345869,-122.65195833333334,45.701755,2,2,16:03:41,15:59:00,16:03:41
