vehicle_number,leave_time,train,route_number,direction,stop_time,arrive_time,location_id,estimated_load,train_mileage,pattern_distance,location_distance,x_coordinate,y_coordinate,data_source,schedule_status,leave,stop,arrive
1298380,56215,6501,65,1,56220,56215,0.0,4,4.7212,4.8989,161.427126,-122.54419166666666,45.57912833333334,1,4,15:36:55,15:37:00,15:36:55
1298380,55888,6501,65,1,55800,55888,492.0,4,0.0,2.0822,248.469274,-122.50409666666668,45.59404166666667,2,5,15:31:28,15:30:00,15:31:28
1298380,56106,6501,65,1,56100,56106,0.0,4,3.0329,3.215,9.976286,-122.55173833333332,45.603085,1,4,15:35:06,15:35:00,15:35:06
