vehicle_number,leave_time,train,route_number,direction,stop_time,arrive_time,location_id,estimated_load,train_mileage,pattern_distance,location_distance,x_coordinate,y_coordinate,data_source,schedule_status,leave,stop,arrive
2291,52050,6002,60,1,,51905,908,7,0.1578,0.1877,23.384358,-122.67051166666668,45.62855,2,2,14:27:30,,14:25:05
2291,52949,6002,60,1,51840.0,52949,832,0,4.1862,4.3782,59.318172,-122.68547166666669,45.595995,2,6,14:42:29,14:24:00,14:42:29
2291,51857,6002,60,1,50940.0,51857,906,6,0.0,0.0,9.281164,-122.67051833333332,45.62622833333333,2,5,14:24:17,14:09:00,14:24:17
2291,52245,6002,60,1,51120.0,52095,1132,13,0.2865,0.3275,23.63857,-122.67049833333331,45.630588333333336,2,4,14:30:45,14:12:00,14:28:15
