vehicle_number,leave_time,train,route_number,direction,stop_time,arrive_time,location_id,estimated_load,train_mileage,pattern_distance,location_distance,x_coordinate,y_coordinate,data_source,schedule_status,leave,stop,arrive
4015,65499,6501,65,0,65400,65499,722.0,10,0.0,0.0,24.966801,-122.564585,45.55872166666666,2,5,18:11:39,18:10:00,18:11:39
4015,65899,6501,65,0,65940,65899,0.0,10,4.1141,4.1445,220.257041,-122.54614833333332,45.60205833333333,1,4,18:18:19,18:19:00,18:18:19
4015,66001,6501,65,0,66120,66001,0.0,10,5.6899,5.7222,115.302249,-122.51499333333334,45.59467,1,4,18:20:01,18:22:00,18:20:01
4015,65832,6501,65,0,65820,65832,0.0,10,3.3448,3.3716,117.552503,-122.550725,45.600185,1,4,18:17:12,18:17:00,18:17:12
