vehicle_number,leave_time,train,route_number,direction,stop_time,arrive_time,location_id,estimated_load,train_mileage,pattern_distance,location_distance,x_coordinate,y_coordinate,data_source,schedule_status,leave,stop,arrive
2294,25187,6001,60,1,25200.0,25158,1132,3,0.2908,0.3275,30.475195,-122.67049666666666,45.630613333333336,2,4,06:59:47,07:00:00,06:59:18
2294,25119,6001,60,1,25200.0,25104,908,6,0.1584,0.1877,27.056414,-122.67053666666666,45.62854,2,2,06:58:39,07:00:00,06:58:24
