vehicle_number,leave_time,train,route_number,direction,stop_time,arrive_time,location_id,estimated_load,train_mileage,pattern_distance,location_distance,x_coordinate,y_coordinate,data_source,schedule_status,leave,stop,arrive
4004,35403,6001,60,0,35400.0,35389,919,3,1.9523,2.017,15.850033,-122.68118166666666,45.61105833333333,2,4,09:50:03,09:50:00,09:49:49
4004,35489,6001,60,0,35400.0,35489,1015,3,2.3991,2.465,113.155539,-122.68442166666668,45.612645,2,2,09:51:29,09:50:00,09:51:29
4004,35780,6001,60,0,35820.0,35780,906,3,4.472,4.5254,432.031078,-122.67057166666666,45.627435,2,6,09:56:20,09:57:00,09:56:20
