vehicle_number,leave_time,train,route_number,direction,stop_time,arrive_time,location_id,estimated_load,train_mileage,pattern_distance,location_distance,x_coordinate,y_coordinate,data_source,schedule_status,leave,stop,arrive
4034,46132,6002,60,1,,46120,1015,2,2.6439,2.7452,16.052587,-122.68466666666669,45.612345,2,2,12:48:52,,12:48:40
4034,46037,6002,60,1,45900.0,46005,986,4,2.2301,2.2972,71.34819,-122.68127666666666,45.61092166666667,2,4,12:47:17,12:45:00,12:46:45
4034,45680,6002,60,1,45660.0,45557,1132,5,0.2914,0.3275,13.875938,-122.67039666666666,45.630515,2,4,12:41:20,12:41:00,12:39:17
4034,45382,6002,60,1,45480.0,45382,906,3,0.0,0.0,13.680489,-122.67049666666666,45.626288333333335,2,5,12:36:22,12:38:00,12:36:22
