vehicle_number,leave_time,train,route_number,direction,stop_time,arrive_time,location_id,estimated_load,train_mileage,pattern_distance,location_distance,x_coordinate,y_coordinate,data_source,schedule_status,leave,stop,arrive
2291,59141,6002,60,1,,59141,1015,12,2.6663,2.7452,107.778252,-122.68447333333332,45.61265,2,2,16:25:41,,16:25:41
2291,58433,6002,60,1,,58339,908,13,0.156,0.1877,26.662642,-122.670535,45.62854,2,2,16:13:53,,16:12:19
2291,59049,6002,60,1,58620.0,58975,986,12,2.2195,2.2972,43.14941,-122.681225,45.61099,2,4,16:24:09,16:17:00,16:22:55
2291,58285,6002,60,1,58140.0,58285,906,10,0.0,0.0,14.317867,-122.67055166666668,45.626268333333336,2,5,16:11:25,16:09:00,16:11:25
