vehicle_number,leave_time,train,route_number,direction,stop_time,arrive_time,location_id,estimated_load,train_mileage,pattern_distance,location_distance,x_coordinate,y_coordinate,data_source,schedule_status,leave,stop,arrive
2287,44995,2502,19,1,45000.0,44995,1044,1,0.0,0.0,270.859951,-122.64101333333332,45.729796666666665,2,5,12:29:55,12:30:00,12:29:55
2287,45618,2502,19,1,45000.0,45618,933,9,2.8707,2.9876,117.263213,-122.64920833333332,45.708845,2,2,12:40:18,12:30:00,12:40:18
2287,45697,2502,19,1,45000.0,45697,531,9,3.2815,3.402,164.133561,-122.65126,45.703026666666666,2,2,12:41:37,12:30:00,12:41:37
2287,46064,2502,19,1,46020.0,46064,877,0,4.6435,4.7945,44.352574,-122.66400833333331,45.69034666666667,2,6,12:47:44,12:47:00,12:47:44
2287,45718,2502,19,1,46020.0,45718,533,9,3.5076,3.6624,24.307797,-122.65301333333332,45.699855,2,2,12:41:58,12:47:00,12:41:58
2287,45573,2502,19,1,46020.0,45442,931,9,2.401,2.5613,15.373739,-122.651605,45.715085,2,2,12:39:33,12:47:00,12:37:22
2287,45738,2502,19,1,46020.0,45738,534,9,3.7208,3.8649,100.837164,-122.65461,45.69692166666667,2,2,12:42:18,12:47:00,12:42:18
2287,45280,2502,19,1,45300.0,45256,1046,3,1.7156,1.8647,6.64866,-122.65146166666666,45.72524,2,4,12:34:40,12:35:00,12:34:16
2287,45679,2502,19,1,45300.0,45679,530,9,3.1025,3.2193,162.614841,-122.64989666666666,45.7055,2,2,12:41:19,12:35:00,12:41:19
