vehicle_number,leave_time,train,route_number,direction,stop_time,arrive_time,location_id,estimated_load,train_mileage,pattern_distance,location_distance,x_coordinate,y_coordinate,data_source,schedule_status,leave,stop,arrive
1298380,60421,6501,65,0,60420,60421,0.0,8,3.3392,3.3716,96.709284,-122.550725,45.600245,1,4,16:47:01,16:47:00,16:47:01
1298380,60291,6501,65,0,60240,60291,0.0,8,1.4944,1.5043,54.242219,-122.54609,45.57441833333333,1,4,16:44:51,16:44:00,16:44:51
1298380,60136,6501,65,0,60000,60136,722.0,8,0.0,0.0,15.836,-122.56455833333334,45.55873833333333,2,5,16:42:16,16:40:00,16:42:16
1298380,60491,6501,65,0,60540,60491,0.0,8,4.1091,4.1445,100.420278,-122.54568166666668,45.602046666666666,1,4,16:48:11,16:49:00,16:48:11
