vehicle_number,leave_time,train,route_number,direction,stop_time,arrive_time,location_id,estimated_load,train_mileage,pattern_distance,location_distance,x_coordinate,y_coordinate,data_source,schedule_status,leave,stop,arrive
4012,30647,6501,65,1,30600,30647,492.0,0,0.0,2.0822,263.709603,-122.50407166666666,45.593968333333336,2,5,08:30:47,08:30:00,08:30:47
4012,30810,6501,65,1,30840,30810,0.0,0,2.3879,2.5644,18.455809,-122.54775833333332,45.60310833333333,1,4,08:33:30,08:34:00,08:33:30
4012,30870,6501,65,1,30900,30870,0.0,0,3.0105,3.215,64.752257,-122.55175666666666,45.603255,1,4,08:34:30,08:35:00,08:34:30
