vehicle_number,leave_time,train,route_number,direction,stop_time,arrive_time,location_id,estimated_load,train_mileage,pattern_distance,location_distance,x_coordinate,y_coordinate,data_source,schedule_status,leave,stop,arrive
4012,36204,6501,65,1,36240,36204,0.0,1,2.3842,2.5644,36.178651,-122.54768333333334,45.603098333333335,1,4,10:03:24,10:04:00,10:03:24
4012,36010,6501,65,1,36000,36010,492.0,1,0.0,2.0822,103.905693,-122.50517,45.59450833333333,2,5,10:00:10,10:00:00,10:00:10
4012,36388,6501,65,1,36420,36388,0.0,1,4.7181,4.8989,157.412037,-122.544175,45.57913666666666,1,4,10:06:28,10:07:00,10:06:28
