vehicle_number,leave_time,train,route_number,direction,stop_time,arrive_time,location_id,estimated_load,train_mileage,pattern_distance,location_distance,x_coordinate,y_coordinate,data_source,schedule_status,leave,stop,arrive
2401,43481,2501,19,1,,43481,533,3,3.5511,3.6624,29.754394,-122.652935,45.69998833333333,2,2,12:04:41,,12:04:41
2401,43504,2501,19,1,,43504,534,3,3.7587,3.8649,140.42703,-122.65467333333332,45.696821666666665,2,2,12:05:04,,12:05:04
2401,43468,2501,19,1,,43468,532,3,3.4213,3.5356,92.596246,-122.65215166666668,45.70139833333333,2,2,12:04:28,,12:04:28
2401,43432,2501,19,1,,43432,530,3,3.1168,3.2193,204.207194,-122.64996666666669,45.705396666666665,2,2,12:03:52,,12:03:52
2401,43362,2501,19,1,,43362,931,3,2.4687,2.5613,189.327604,-122.65146,45.714615,2,2,12:02:42,,12:02:42
2401,43403,2501,19,1,,43403,933,3,2.8975,2.9876,170.532138,-122.64916833333334,45.70870166666667,2,2,12:03:23,,12:03:23
2401,42930,2501,19,1,42840.0,42930,1044,4,0.0,0.0,307.816731,-122.641015,45.72989833333333,2,5,11:55:30,11:54:00,11:55:30
2401,43212,2501,19,1,43140.0,43212,1046,3,1.7759,1.8647,43.782521,-122.651455,45.725343333333335,2,4,12:00:12,11:59:00,12:00:12
2401,43586,2501,19,1,43140.0,43586,756,3,4.0016,4.1259,98.371171,-122.656575,45.69340666666667,2,2,12:06:26,11:59:00,12:06:26
