vehicle_number,leave_time,train,route_number,direction,stop_time,arrive_time,location_id,estimated_load,train_mileage,pattern_distance,location_distance,x_coordinate,y_coordinate,data_source,schedule_status,leave,stop,arrive
4015,58743,6501,65,0,58620,58743,0.0,9,3.3473,3.3716,266.182726,-122.55064166666666,45.59978,1,4,16:19:03,16:17:00,16:19:03
4015,58809,6501,65,0,58740,58809,0.0,9,4.1147,4.1445,104.802396,-122.5457,45.60204333333333,1,4,16:20:09,16:19:00,16:20:09
4015,59042,6501,65,0,59040,59042,492.0,0,6.6195,6.5592,120.514399,-122.50521166666668,45.594545,2,6,16:24:02,16:24:00,16:24:02
4015,58905,6501,65,0,58920,58905,0.0,9,5.6974,5.7222,62.286672,-122.51479166666668,45.59463,1,4,16:21:45,16:22:00,16:21:45
