vehicle_number,leave_time,train,route_number,direction,stop_time,arrive_time,location_id,estimated_load,train_mileage,pattern_distance,location_distance,x_coordinate,y_coordinate,data_source,schedule_status,leave,stop,arrive
4015,65370,6501,65,1,65400,65370,722.0,3,6.9034,7.2607,25.316503,-122.56458666666668,45.55872166666666,2,6,18:09:30,18:10:00,18:09:30
4015,64979,6501,65,1,65040,64979,0.0,3,2.3817,2.5644,316.302754,-122.54665833333334,45.602846666666665,1,4,18:02:59,18:04:00,18:02:59
4015,65143,6501,65,1,65220,65143,0.0,3,4.7187,4.8989,71.974797,-122.54403833333332,45.579753333333336,1,4,18:05:43,18:07:00,18:05:43
