vehicle_number,leave_time,train,route_number,direction,stop_time,arrive_time,location_id,estimated_load,train_mileage,pattern_distance,location_distance,x_coordinate,y_coordinate,data_source,schedule_status,leave,stop,arrive
2291,48582,6002,60,1,47460.0,48558,1132,1,0.2902,0.3275,6.014003,-122.670455,45.63054833333333,2,4,13:29:42,13:11:00,13:29:18
2291,48850,6002,60,1,47760.0,48828,986,2,2.2226,2.2972,74.889386,-122.68126166666669,45.610906666666665,2,4,13:34:10,13:16:00,13:33:48
2291,48417,6002,60,1,47280.0,48417,906,4,0.0,0.0,11.452611,-122.67053,45.62622666666667,2,5,13:26:57,13:08:00,13:26:57
2291,48947,6002,60,1,47280.0,48947,1015,2,2.6694,2.7452,108.114279,-122.684475,45.612651666666665,2,2,13:35:47,13:08:00,13:35:47
