vehicle_number,leave_time,train,route_number,direction,stop_time,arrive_time,location_id,estimated_load,train_mileage,pattern_distance,location_distance,x_coordinate,y_coordinate,data_source,schedule_status,leave,stop,arrive
2294,73343,6001,60,1,73320.0,73343,906,1,0.0,0.0,610.129507,-122.67059166666668,45.627923333333335,2,5,20:22:23,20:22:00,20:22:23
2294,73373,6001,60,1,73320.0,73353,908,2,0.0211,0.1877,25.761177,-122.670535,45.62853333333334,2,2,20:22:53,20:22:00,20:22:33
2294,73914,6001,60,1,73320.0,73896,1015,3,2.4985,2.7452,25.693964,-122.68469833333332,45.612321666666666,2,2,20:31:54,20:22:00,20:31:36
2294,74129,6001,60,1,74160.0,74129,832,0,4.0507,4.3782,53.970829,-122.68546833333332,45.59601,2,6,20:35:29,20:36:00,20:35:29
