vehicle_number,leave_time,train,route_number,direction,stop_time,arrive_time,location_id,estimated_load,train_mileage,pattern_distance,location_distance,x_coordinate,y_coordinate,data_source,schedule_status,leave,stop,arrive
2294,23550,6001,60,1,23400.0,23506,1132,10,0.2889,0.3275,16.36649,-122.67042666666669,45.630498333333335,2,4,06:32:30,06:30:00,06:31:46
2294,23353,6001,60,1,23340.0,23353,906,5,0.0,0.0,2.286443,-122.67051,45.626248333333336,2,5,06:29:13,06:29:00,06:29:13
