vehicle_number,leave_time,train,route_number,direction,stop_time,arrive_time,location_id,estimated_load,train_mileage,pattern_distance,location_distance,x_coordinate,y_coordinate,data_source,schedule_status,leave,stop,arrive
4004,70653,6001,60,1,,70610,908,9,0.0429,0.1877,25.182542,-122.67049666666666,45.62856666666666,2,2,19:37:33,,19:36:50
4004,70595,6001,60,1,70620.0,70595,906,9,0.0,0.0,551.610389,-122.67056666666667,45.62776333333333,2,5,19:36:35,19:37:00,19:36:35
4004,71225,6001,60,1,70620.0,71225,1015,4,2.5563,2.7452,116.905999,-122.684435,45.61266333333333,2,2,19:47:05,19:37:00,19:47:05
4004,70810,6001,60,1,70800.0,70689,1132,3,0.1752,0.3275,5.364362,-122.67041333333331,45.63053833333333,2,4,19:40:10,19:40:00,19:38:09
