vehicle_number,leave_time,train,route_number,direction,stop_time,arrive_time,location_id,estimated_load,train_mileage,pattern_distance,location_distance,x_coordinate,y_coordinate,data_source,schedule_status,leave,stop,arrive
2291,50317,6002,60,1,49260.0,50284,1132,5,0.2902,0.3275,13.886225,-122.67043666666666,45.630505,2,4,13:58:37,13:41:00,13:58:04
2291,51050,6002,60,1,49980.0,51050,832,1,4.1862,4.3782,59.012574,-122.68546166666668,45.595996666666665,2,6,14:10:50,13:53:00,14:10:50
2291,50768,6002,60,1,49980.0,50740,1015,6,2.6328,2.7452,29.874931,-122.68471333333332,45.61231333333333,2,2,14:06:08,13:53:00,14:05:40
2291,50651,6002,60,1,49560.0,50623,986,5,2.2208,2.2972,66.564634,-122.681245,45.61092666666666,2,4,14:04:11,13:46:00,14:03:43
