vehicle_number,leave_time,train,route_number,direction,stop_time,arrive_time,location_id,estimated_load,train_mileage,pattern_distance,location_distance,x_coordinate,y_coordinate,data_source,schedule_status,leave,stop,arrive
4004,26292,6001,60,0,,26292,918,4,1.6181,1.6317,164.321886,-122.67722666666668,45.61181833333333,2,2,07:18:12,,07:18:12
4004,26410,6001,60,0,26400.0,26397,919,4,1.9548,2.017,9.019461,-122.681175,45.61107666666667,2,4,07:20:10,07:20:00,07:19:57
4004,26494,6001,60,0,26400.0,26494,1015,4,2.4053,2.465,108.141854,-122.68445,45.61264166666667,2,2,07:21:34,07:20:00,07:21:34
