vehicle_number,leave_time,train,route_number,direction,stop_time,arrive_time,location_id,estimated_load,train_mileage,pattern_distance,location_distance,x_coordinate,y_coordinate,data_source,schedule_status,leave,stop,arrive
2291,46414,6002,60,1,45660.0,46313,1132,9,0.2902,0.3275,4.423263,-122.67044333333334,45.63053333333333,2,4,12:53:34,12:41:00,12:51:53
2291,46276,6002,60,1,45660.0,46166,908,6,0.1572,0.1877,31.29196,-122.67052,45.628575,2,2,12:51:16,12:41:00,12:49:26
2291,46871,6002,60,1,45660.0,46829,1015,12,2.634,2.7452,28.610641,-122.68469833333332,45.61231333333333,2,2,13:01:11,12:41:00,13:00:29
2291,46115,6002,60,1,45480.0,46115,906,6,0.0,0.0,15.945919,-122.67053333333334,45.62621333333333,2,5,12:48:35,12:38:00,12:48:35
