vehicle_number,leave_time,train,route_number,direction,stop_time,arrive_time,location_id,estimated_load,train_mileage,pattern_distance,location_distance,x_coordinate,y_coordinate,data_source,schedule_status,leave,stop,arrive
2291,67335,6002,60,1,67260.0,67116,1132,1,0.1547,0.3275,21.973257,-122.670445,45.63048333333333,2,4,18:42:15,18:41:00,18:38:36
2291,67953,6002,60,1,67980.0,67953,832,0,4.0507,4.3782,53.228363,-122.68547333333332,45.59601166666667,2,6,18:52:33,18:53:00,18:52:33
2291,67073,6002,60,1,67980.0,67028,908,3,0.0236,0.1877,32.488845,-122.67053166666666,45.628571666666666,2,2,18:37:53,18:53:00,18:37:08
2291,67015,6002,60,1,67080.0,67015,906,0,0.0,0.0,666.441049,-122.67057166666666,45.628078333333335,2,5,18:36:55,18:38:00,18:36:55
