vehicle_number,leave_time,train,route_number,direction,stop_time,arrive_time,location_id,estimated_load,train_mileage,pattern_distance,location_distance,x_coordinate,y_coordinate,data_source,schedule_status,leave,stop,arrive
2294,27044,6001,60,0,26820.0,27044,906,6,4.467,4.5254,545.669754,-122.67058166666666,45.62774666666667,2,6,07:30:44,07:27:00,07:30:44
2294,26622,6001,60,0,26400.0,26592,919,6,1.9486,2.017,41.00646,-122.68118833333334,45.61098833333333,2,4,07:23:42,07:20:00,07:23:12
2294,26509,6001,60,0,26400.0,26509,918,7,1.6137,1.6317,76.560487,-122.67729166666666,45.61158,2,2,07:21:49,07:20:00,07:21:49
