vehicle_number,leave_time,train,route_number,direction,stop_time,arrive_time,location_id,estimated_load,train_mileage,pattern_distance,location_distance,x_coordinate,y_coordinate,data_source,schedule_status,leave,stop,arrive
2291,59987,6002,60,1,59940.0,59987,906,3,0.0,0.0,723.527718,-122.67057,45.628235,2,5,16:39:47,16:39:00,16:39:47
2291,60715,6002,60,1,59940.0,60715,1015,5,2.5253,2.7452,117.85067,-122.68445666666666,45.612675,2,2,16:51:55,16:39:00,16:51:55
2291,60919,6002,60,1,60840.0,60919,832,0,4.0408,4.3782,52.215685,-122.68546666666668,45.596015,2,6,16:55:19,16:54:00,16:55:19
2291,60608,6002,60,1,60420.0,60528,986,5,2.0785,2.2972,61.470028,-122.68126666666667,45.61094833333333,2,4,16:50:08,16:47:00,16:48:48
