vehicle_number,leave_time,train,route_number,direction,stop_time,arrive_time,location_id,estimated_load,train_mileage,pattern_distance,location_distance,x_coordinate,y_coordinate,data_source,schedule_status,leave,stop,arrive
2294,68178,6001,60,1,68160.0,67988,1132,2,0.156,0.3275,8.458954,-122.67046333333332,45.63055166666667,2,4,18:56:18,18:56:00,18:53:08
2294,68661,6001,60,1,68400.0,68440,986,6,2.0872,2.2972,27.020018,-122.68122,45.61103833333333,2,4,19:04:21,19:00:00,19:00:40
2294,68983,6001,60,1,68820.0,68983,832,0,4.0526,4.3782,52.110207,-122.68547,45.596015,2,6,19:09:43,19:07:00,19:09:43
2294,67949,6001,60,1,68820.0,67914,908,4,0.0236,0.1877,22.406881,-122.670525,45.628525,2,2,18:52:29,19:07:00,18:51:54
