vehicle_number,leave_time,train,route_number,direction,stop_time,arrive_time,location_id,estimated_load,train_mileage,pattern_distance,location_distance,x_coordinate,y_coordinate,data_source,schedule_status,leave,stop,arrive
4012,40049,6501,65,1,40020,40049,0.0,5,4.7181,4.8989,96.510413,-122.54408,45.579818333333336,1,4,11:07:29,11:07:00,11:07:29
4012,39932,6501,65,1,39900,39932,0.0,5,3.0329,3.215,54.273909,-122.55175833333334,45.603225,1,4,11:05:32,11:05:00,11:05:32
4012,39710,6501,65,1,39600,39710,492.0,5,0.0,2.0822,248.304472,-122.50410833333332,45.59401833333333,2,5,11:01:50,11:00:00,11:01:50
