vehicle_number,leave_time,train,route_number,direction,stop_time,arrive_time,location_id,estimated_load,train_mileage,pattern_distance,location_distance,x_coordinate,y_coordinate,data_source,schedule_status,leave,stop,arrive
2291,62205,6002,60,1,62220.0,62175,986,5,2.2208,2.2972,60.729612,-122.68123,45.61094,2,4,17:16:45,17:17:00,17:16:15
2291,62331,6002,60,1,62220.0,62292,1015,4,2.6334,2.7452,29.314789,-122.68471333333332,45.612315,2,2,17:18:51,17:17:00,17:18:12
2291,61946,6002,60,1,61920.0,61690,1132,4,0.2902,0.3275,9.007683,-122.670435,45.630518333333335,2,4,17:12:26,17:12:00,17:08:10
2291,61587,6002,60,1,61740.0,61587,906,8,0.0,0.0,5.144496,-122.67052,45.626245,2,5,17:06:27,17:09:00,17:06:27
