vehicle_number,leave_time,train,route_number,direction,stop_time,arrive_time,location_id,estimated_load,train_mileage,pattern_distance,location_distance,x_coordinate,y_coordinate,data_source,schedule_status,leave,stop,arrive
4015,54605,6501,65,0,54600,54605,722.0,4,0.0,0.0,19.449712,-122.56456333333334,45.558726666666665,2,5,15:10:05,15:10:00,15:10:05
4015,55127,6501,65,0,55320,55127,0.0,4,5.6893,5.7222,42.477282,-122.51472,45.59460833333333,1,4,15:18:47,15:22:00,15:18:47
4015,55291,6501,65,0,55440,55291,492.0,0,6.6176,6.5592,105.128906,-122.50519166666666,45.594505,2,6,15:21:31,15:24:00,15:21:31
4015,54972,6501,65,0,55020,54972,0.0,4,3.3392,3.3716,144.744625,-122.55071333333332,45.60011,1,4,15:16:12,15:17:00,15:16:12
