vehicle_number,leave_time,train,route_number,direction,stop_time,arrive_time,location_id,estimated_load,train_mileage,pattern_distance,location_distance,x_coordinate,y_coordinate,data_source,schedule_status,leave,stop,arrive
2294,59250,6001,60,1,59220.0,59206,1132,1,0.1498,0.3275,12.58828,-122.67046333333332,45.63057,2,4,16:27:30,16:27:00,16:26:46
2294,59136,6001,60,1,59040.0,59136,906,3,0.0,0.0,682.419708,-122.670595,45.628121666666665,2,5,16:25:36,16:24:00,16:25:36
2294,59596,6001,60,1,59040.0,59596,1015,1,2.5364,2.7452,134.369834,-122.68442666666668,45.612715,2,2,16:33:16,16:24:00,16:33:16
2294,59850,6001,60,1,59940.0,59850,832,0,4.0395,4.3782,52.818174,-122.68546666666668,45.59601333333333,2,6,16:37:30,16:39:00,16:37:30
