vehicle_number,leave_time,train,route_number,direction,stop_time,arrive_time,location_id,estimated_load,train_mileage,pattern_distance,location_distance,x_coordinate,y_coordinate,data_source,schedule_status,leave,stop,arrive
2291,64062,6002,60,1,64020.0,64048,986,4,2.2189,2.2972,35.60459,-122.68121666666669,45.61101,2,4,17:47:42,17:47:00,17:47:28
2291,64421,6002,60,1,64440.0,64421,832,0,4.1837,4.3782,52.583624,-122.685475,45.59601333333333,2,6,17:53:41,17:54:00,17:53:41
2291,64173,6002,60,1,64440.0,64173,1015,4,2.6669,2.7452,113.821486,-122.68446333333333,45.612665,2,2,17:49:33,17:54:00,17:49:33
2291,63376,6002,60,1,63540.0,63376,906,0,0.0,0.0,18.174143,-122.67053833333334,45.62620833333333,2,5,17:36:16,17:39:00,17:36:16
