vehicle_number,leave_time,train,route_number,direction,stop_time,arrive_time,location_id,estimated_load,train_mileage,pattern_distance,location_distance,x_coordinate,y_coordinate,data_source,schedule_status,leave,stop,arrive
1298380,54827,6501,65,0,54840,54827,0.0,6,1.4969,1.5043,69.773483,-122.54610833333334,45.574376666666666,1,4,15:13:47,15:14:00,15:13:47
1298380,55800,6501,65,0,55440,55800,492.0,2,6.6157,6.5592,105.165903,-122.50521,45.59449833333333,2,6,15:30:00,15:24:00,15:30:00
1298380,54977,6501,65,0,55020,54977,0.0,6,3.3368,3.3716,121.533519,-122.55072666666666,45.60017333333333,1,4,15:16:17,15:17:00,15:16:17
1298380,55049,6501,65,0,55140,55049,0.0,6,4.1091,4.1445,19.426067,-122.54524,45.602015,1,4,15:17:29,15:19:00,15:17:29
