vehicle_number,leave_time,train,route_number,direction,stop_time,arrive_time,location_id,estimated_load,train_mileage,pattern_distance,location_distance,x_coordinate,y_coordinate,data_source,schedule_status,leave,stop,arrive
1298380,42396,6501,65,0,42240,42396,0.0,2,1.4913,1.5043,149.285611,-122.546255,45.574185,1,4,11:46:36,11:44:00,11:46:36
1298380,42180,6501,65,0,42000,42180,722.0,2,0.0,0.0,19.72449,-122.56457166666668,45.558733333333336,2,5,11:43:00,11:40:00,11:43:00
1298380,42585,6501,65,0,42540,42585,0.0,2,4.1073,4.1445,259.650681,-122.54629666666666,45.602086666666665,1,4,11:49:45,11:49:00,11:49:45
1298380,42518,6501,65,0,42420,42518,0.0,2,3.3392,3.3716,243.650923,-122.55065166666668,45.59984166666667,1,4,11:48:38,11:47:00,11:48:38
