vehicle_number,leave_time,train,route_number,direction,stop_time,arrive_time,location_id,estimated_load,train_mileage,pattern_distance,location_distance,x_coordinate,y_coordinate,data_source,schedule_status,leave,stop,arrive
4034,54525,6002,60,1,,54474,908,6,0.1578,0.1877,19.580268,-122.67046166666668,45.62856166666667,2,2,15:08:45,,15:07:54
4034,54726,6002,60,1,54720.0,54564,1132,5,0.292,0.3275,10.016403,-122.67041333333331,45.63056666666667,2,4,15:12:06,15:12:00,15:09:24
4034,54419,6002,60,1,54540.0,54419,906,6,0.0,0.0,0.421942,-122.67050333333331,45.62625166666667,2,5,15:06:59,15:09:00,15:06:59
4034,55193,6002,60,1,54540.0,55193,1015,7,2.6756,2.7452,145.066491,-122.68438,45.61273,2,2,15:19:53,15:09:00,15:19:53
