vehicle_number,leave_time,train,route_number,direction,stop_time,arrive_time,location_id,estimated_load,train_mileage,pattern_distance,location_distance,x_coordinate,y_coordinate,data_source,schedule_status,leave,stop,arrive
2901,61235,601,6,1,61200.0,61235,880,5,0.0,0.0,42.163809,-122.65559833333332,45.638165,2,5,17:00:35,17:00:00,17:00:35
2901,61603,601,6,1,61200.0,61603,1035,6,1.331,1.3527,27.474822,-122.67557333333332,45.64025333333333,2,2,17:06:43,17:00:00,17:06:43
2901,61808,601,6,1,61800.0,61808,995,3,2.4675,2.5445,13.749445,-122.692345,45.645565,2,6,17:10:08,17:10:00,17:10:08
2901,61655,601,6,1,61800.0,61640,1036,5,1.5348,1.5801,2.602755,-122.68015166666666,45.64032666666667,2,2,17:07:35,17:10:00,17:07:20
2901,61460,601,6,1,61800.0,61460,128,5,0.9445,0.937,21.877118,-122.66691,45.640168333333335,2,2,17:04:20,17:10:00,17:04:20
