vehicle_number,leave_time,train,route_number,direction,stop_time,arrive_time,location_id,estimated_load,train_mileage,pattern_distance,location_distance,x_coordinate,y_coordinate,data_source,schedule_status,leave,stop,arrive
1298380,65075,6501,65,1,65100,65075,0.0,4,3.0081,3.215,216.734597,-122.55185166666666,45.60366666666667,1,4,18:04:35,18:05:00,18:04:35
1298380,64826,6501,65,1,64800,64826,492.0,4,0.0,2.0822,109.929924,-122.505205,45.594515,2,5,18:00:26,18:00:00,18:00:26
1298380,65185,6501,65,1,65220,65185,0.0,4,4.6926,4.8989,100.005657,-122.54404833333334,45.57983,1,4,18:06:25,18:07:00,18:06:25
