vehicle_number,leave_time,train,route_number,direction,stop_time,arrive_time,location_id,estimated_load,train_mileage,pattern_distance,location_distance,x_coordinate,y_coordinate,data_source,schedule_status,leave,stop,arrive
2294,52874,6001,60,1,51840.0,52874,906,5,0.0,0.0,20.23335,-122.67052666666666,45.626198333333335,2,5,14:41:14,14:24:00,14:41:14
2294,53295,6001,60,1,52320.0,53270,986,4,2.2195,2.2972,28.830336,-122.681165,45.61102,2,4,14:48:15,14:32:00,14:47:50
2294,53012,6001,60,1,52020.0,52982,1132,4,0.2902,0.3275,23.645192,-122.67044,45.630478333333336,2,4,14:43:32,14:27:00,14:43:02
2294,53387,6001,60,1,52020.0,53387,1015,4,2.6682,2.7452,136.524327,-122.68442666666668,45.612721666666665,2,2,14:49:47,14:27:00,14:49:47
