vehicle_number,leave_time,train,route_number,direction,stop_time,arrive_time,location_id,estimated_load,train_mileage,pattern_distance,location_distance,x_coordinate,y_coordinate,data_source,schedule_status,leave,stop,arrive
2294,32263,6001,60,1,32220.0,32263,906,5,0.0,0.0,13.956494,-122.67053666666666,45.626221666666666,2,5,08:57:43,08:57:00,08:57:43
2294,32352,6001,60,1,32220.0,32318,908,5,0.1578,0.1877,24.488714,-122.67051333333332,45.628553333333336,2,2,08:59:12,08:57:00,08:58:38
