vehicle_number,leave_time,train,route_number,direction,stop_time,arrive_time,location_id,estimated_load,train_mileage,pattern_distance,location_distance,x_coordinate,y_coordinate,data_source,schedule_status,leave,stop,arrive
4004,59039,6001,60,1,59160.0,59039,832,0,4.1893,4.3782,12.03117,-122.68545833333332,45.596135,2,6,16:23:59,16:26:00,16:23:59
4004,57974,6001,60,1,58140.0,57974,906,9,0.0,0.0,7.053988,-122.67048666666666,45.626235,2,5,16:06:14,16:09:00,16:06:14
4004,58064,6001,60,1,58140.0,58025,908,11,0.1597,0.1877,28.043579,-122.67051166666668,45.62856833333333,2,2,16:07:44,16:09:00,16:07:05
4004,58329,6001,60,1,58320.0,58098,1132,11,0.292,0.3275,12.141963,-122.67042666666669,45.63051,2,4,16:12:09,16:12:00,16:08:18
