vehicle_number,leave_time,train,route_number,direction,stop_time,arrive_time,location_id,estimated_load,train_mileage,pattern_distance,location_distance,x_coordinate,y_coordinate,data_source,schedule_status,leave,stop,arrive
2294,81167,6001,60,1,,81120,1015,8,2.634,2.7452,30.404851,-122.68470666666668,45.61231,2,2,22:32:47,,22:32:00
2294,81031,6001,60,1,80940.0,80977,986,6,2.2208,2.2972,30.843655,-122.68121333333332,45.611023333333335,2,4,22:30:31,22:29:00,22:29:37
2294,80483,6001,60,1,80520.0,80483,906,5,0.0,0.0,4.125408,-122.67051166666668,45.62626,2,5,22:21:23,22:22:00,22:21:23
2294,80598,6001,60,1,80520.0,80541,908,2,0.1578,0.1877,23.365489,-122.67051666666669,45.628545,2,2,22:23:18,22:22:00,22:22:21
