vehicle_number,leave_time,train,route_number,direction,stop_time,arrive_time,location_id,estimated_load,train_mileage,pattern_distance,location_distance,x_coordinate,y_coordinate,data_source,schedule_status,leave,stop,arrive
4015,67908,6501,65,0,68040,67908,492.0,0,6.4803,6.5592,51.644046,-122.50486,45.594155,2,6,18:51:48,18:54:00,18:51:48
4015,67256,6501,65,0,67200,67256,722.0,4,0.0,0.0,23.64816,-122.56457666666668,45.55872,2,5,18:40:56,18:40:00,18:40:56
4015,67480,6501,65,0,67440,67480,0.0,4,1.5106,1.5043,92.217262,-122.54616,45.57432666666666,1,4,18:44:40,18:44:00,18:44:40
4015,67775,6501,65,0,67920,67775,0.0,4,5.693,5.7222,9.451144,-122.51459666666666,45.594565,1,4,18:49:35,18:52:00,18:49:35
