vehicle_number,leave_time,train,route_number,direction,stop_time,arrive_time,location_id,estimated_load,train_mileage,pattern_distance,location_distance,x_coordinate,y_coordinate,data_source,schedule_status,leave,stop,arrive
2294,28577,6001,60,0,28620.0,28577,906,2,4.3583,4.5254,10.307014,-122.67054166666668,45.626248333333336,2,6,07:56:17,07:57:00,07:56:17
2294,28206,6001,60,0,28200.0,28190,919,4,1.9511,2.017,5.176353,-122.68116333333332,45.611085,2,4,07:50:06,07:50:00,07:49:50
2294,27919,6001,60,0,27900.0,27919,832,7,0.0,0.0,104.653063,-122.685485,45.59587,2,5,07:45:19,07:45:00,07:45:19
