vehicle_number,leave_time,train,route_number,direction,stop_time,arrive_time,location_id,estimated_load,train_mileage,pattern_distance,location_distance,x_coordinate,y_coordinate,data_source,schedule_status,leave,stop,arrive
4012,34209,6501,65,1,34200,34209,492.0,3,0.0,2.0822,96.96801,-122.50515666666666,45.59449166666667,2,5,09:30:09,09:30:00,09:30:09
4012,34826,6501,65,1,34800,34826,722.0,3,6.901,7.2607,12.137486,-122.56454,45.55873833333333,2,6,09:40:26,09:40:00,09:40:26
4012,34403,6501,65,1,34440,34403,0.0,3,2.3836,2.5644,30.606284,-122.54792166666668,45.60312833333333,1,4,09:33:23,09:34:00,09:33:23
