vehicle_number,leave_time,train,route_number,direction,stop_time,arrive_time,location_id,estimated_load,train_mileage,pattern_distance,location_distance,x_coordinate,y_coordinate,data_source,schedule_status,leave,stop,arrive
2291,75999,6002,60,1,76020.0,75999,906,5,0.0,0.0,715.056535,-122.670575,45.628211666666665,2,5,21:06:39,21:07:00,21:06:39
2291,76199,6002,60,1,76200.0,76074,1132,7,0.1522,0.3275,9.345591,-122.670455,45.630563333333335,2,4,21:09:59,21:10:00,21:07:54
2291,76024,6002,60,1,76200.0,76011,908,5,0.0205,0.1877,35.939081,-122.67052833333334,45.62858666666666,2,2,21:07:04,21:10:00,21:06:51
2291,76503,6002,60,1,76440.0,76480,986,6,2.0835,2.2972,10.907532,-122.68118166666666,45.61107333333333,2,4,21:15:03,21:14:00,21:14:40
