vehicle_number,leave_time,train,route_number,direction,stop_time,arrive_time,location_id,estimated_load,train_mileage,pattern_distance,location_distance,x_coordinate,y_coordinate,data_source,schedule_status,leave,stop,arrive
2901,50414,601,6,1,50400.0,50414,880,1,0.0,0.0,46.608771,-122.65560333333332,45.638153333333335,2,5,14:00:14,14:00:00,14:00:14
2901,50845,601,6,1,50400.0,50845,1036,1,1.5851,1.5801,142.754678,-122.68071166666668,45.64029833333333,2,2,14:07:25,14:00:00,14:07:25
2901,50787,601,6,1,50760.0,50714,1019,1,1.1806,1.2135,8.321425,-122.672575,45.64025333333333,2,4,14:06:27,14:06:00,14:05:14
2901,50931,601,6,1,50760.0,50931,3,1,2.2351,2.2605,80.206915,-122.69251166666666,45.64168,2,2,14:08:51,14:06:00,14:08:51
2901,50969,601,6,1,51000.0,50969,995,1,2.4737,2.5445,14.356564,-122.69235,45.645565,2,6,14:09:29,14:10:00,14:09:29
