vehicle_number,leave_time,train,route_number,direction,stop_time,arrive_time,location_id,estimated_load,train_mileage,pattern_distance,location_distance,x_coordinate,y_coordinate,data_source,schedule_status,leave,stop,arrive
4004,29900,6001,60,0,,29888,918,2,1.5721,1.6317,20.118362,-122.67729833333334,45.611315,2,2,08:18:20,,08:18:08
4004,30335,6001,60,0,30420.0,30335,906,0,4.3633,4.5254,4.903093,-122.67048333333334,45.62625333333333,2,6,08:25:35,08:27:00,08:25:35
4004,29702,6001,60,0,29700.0,29702,832,3,0.0,0.0,166.357634,-122.685535,45.59570166666666,2,5,08:15:02,08:15:00,08:15:02
