vehicle_number,leave_time,train,route_number,direction,stop_time,arrive_time,location_id,estimated_load,train_mileage,pattern_distance,location_distance,x_coordinate,y_coordinate,data_source,schedule_status,leave,stop,arrive
4012,59229,6051,60,1,59220.0,59056,1132,9,0.1839,0.3275,4.814889,-122.67041666666668,45.63053666666666,2,4,16:27:09,16:27:00,16:24:16
4012,59644,6051,60,1,59220.0,59618,1015,7,2.5414,2.7452,9.983701,-122.68464166666666,45.612408333333335,2,2,16:34:04,16:27:00,16:33:38
4012,59906,6051,60,1,60060.0,59906,832,0,4.0905,4.3782,8.483188,-122.68546833333332,45.59614166666667,2,6,16:38:26,16:41:00,16:38:26
4012,59021,6051,60,1,60060.0,58925,908,4,0.0503,0.1877,20.494425,-122.67049666666666,45.62855,2,2,16:23:41,16:41:00,16:22:05
