vehicle_number,leave_time,train,route_number,direction,stop_time,arrive_time,location_id,estimated_load,train_mileage,pattern_distance,location_distance,x_coordinate,y_coordinate,data_source,schedule_status,leave,stop,arrive
2294,78734,6001,60,1,,78708,908,3,0.0242,0.1877,27.570077,-122.67053666666666,45.62854333333333,2,2,21:52:14,,21:51:48
2294,78696,6001,60,1,78720.0,78696,906,0,0.0,0.0,621.698914,-122.670595,45.627955,2,5,21:51:36,21:52:00,21:51:36
2294,79337,6001,60,1,78720.0,79337,1015,4,2.5371,2.7452,116.980267,-122.684455,45.61267166666666,2,2,22:02:17,21:52:00,22:02:17
2294,79540,6001,60,1,79560.0,79540,832,0,4.0551,4.3782,52.514294,-122.68547833333334,45.59601333333333,2,6,22:05:40,22:06:00,22:05:40
