vehicle_number,leave_time,train,route_number,direction,stop_time,arrive_time,location_id,estimated_load,train_mileage,pattern_distance,location_distance,x_coordinate,y_coordinate,data_source,schedule_status,leave,stop,arrive
4034,43870,6002,60,1,43860.0,43683,1132,0,0.1665,0.3275,12.038248,-122.67040833333331,45.630515,2,4,12:11:10,12:11:00,12:08:03
4034,43590,6002,60,1,43680.0,43590,906,2,0.0,0.0,558.734629,-122.67054,45.62778333333333,2,5,12:06:30,12:08:00,12:06:30
4034,43647,6002,60,1,43680.0,43602,908,0,0.0336,0.1877,35.103072,-122.670495,45.628598333333336,2,2,12:07:27,12:08:00,12:06:42
4034,44252,6002,60,1,44100.0,44196,986,3,2.1058,2.2972,76.338532,-122.68127666666666,45.610906666666665,2,4,12:17:32,12:15:00,12:16:36
