vehicle_number,leave_time,train,route_number,direction,stop_time,arrive_time,location_id,estimated_load,train_mileage,pattern_distance,location_distance,x_coordinate,y_coordinate,data_source,schedule_status,leave,stop,arrive
4004,48392,6001,60,1,48360.0,48338,1132,5,0.2908,0.3275,4.029427,-122.67042333333332,45.63055166666667,2,4,13:26:32,13:26:00,13:25:38
4004,48671,6001,60,1,48660.0,48630,986,4,2.2264,2.2972,96.289719,-122.68131333333334,45.61085833333333,2,4,13:31:11,13:31:00,13:30:30
4004,48790,6001,60,1,48660.0,48755,1015,7,2.639,2.7452,25.176845,-122.684665,45.61232,2,2,13:33:10,13:31:00,13:32:35
4004,48308,6001,60,1,48660.0,48263,908,7,0.1578,0.1877,22.013298,-122.670495,45.62855666666667,2,2,13:25:08,13:31:00,13:24:23
