vehicle_number,leave_time,train,route_number,direction,stop_time,arrive_time,location_id,estimated_load,train_mileage,pattern_distance,location_distance,x_coordinate,y_coordinate,data_source,schedule_status,leave,stop,arrive
2294,63155,6001,60,1,63120.0,63042,986,3,2.0866,2.2972,85.534382,-122.68125833333332,45.610875,2,4,17:32:35,17:32:00,17:30:42
2294,63586,6001,60,1,63540.0,63586,832,0,4.0501,4.3782,55.342223,-122.68546333333332,45.59600666666667,2,6,17:39:46,17:39:00,17:39:46
2294,62621,6001,60,1,63540.0,62592,908,1,0.0236,0.1877,35.850101,-122.67053833333334,45.62858,2,2,17:23:41,17:39:00,17:23:12
2294,62822,6001,60,1,62820.0,62661,1132,3,0.156,0.3275,7.085851,-122.67044333333334,45.630525,2,4,17:27:02,17:27:00,17:24:21
