vehicle_number,leave_time,train,route_number,direction,stop_time,arrive_time,location_id,estimated_load,train_mileage,pattern_distance,location_distance,x_coordinate,y_coordinate,data_source,schedule_status,leave,stop,arrive
2294,44536,6001,60,1,44580.0,44536,906,2,0.0,0.0,8.589983,-122.67053,45.62623833333333,2,5,12:22:16,12:23:00,12:22:16
2294,45430,6001,60,1,45420.0,45430,832,0,4.1731,4.3782,15.180196,-122.685435,45.59616333333334,2,6,12:37:10,12:37:00,12:37:10
2294,44813,6001,60,1,44760.0,44752,1132,3,0.2908,0.3275,5.528184,-122.67045333333331,45.63053833333333,2,4,12:26:53,12:26:00,12:25:52
2294,45204,6001,60,1,44760.0,45192,1015,2,2.6328,2.7452,29.576188,-122.684695,45.61231,2,2,12:33:24,12:26:00,12:33:12
