vehicle_number,leave_time,train,route_number,direction,stop_time,arrive_time,location_id,estimated_load,train_mileage,pattern_distance,location_distance,x_coordinate,y_coordinate,data_source,schedule_status,leave,stop,arrive
2294,55187,6001,60,1,,55187,1015,1,2.6688,2.7452,118.388601,-122.68445666666666,45.612676666666665,2,2,15:19:47,,15:19:47
2294,55383,6001,60,1,54540.0,55383,832,0,3.9817,4.3782,16.145976,-122.68543333333334,45.59617,2,6,15:23:03,15:09:00,15:23:03
2294,55090,6001,60,1,54120.0,55054,986,1,2.2214,2.2972,59.828821,-122.68125166666668,45.61094833333333,2,4,15:18:10,15:02:00,15:17:34
2294,54656,6001,60,1,54120.0,54641,908,1,0.1591,0.1877,30.832654,-122.670525,45.62857,2,2,15:10:56,15:02:00,15:10:41
