vehicle_number,leave_time,train,route_number,direction,stop_time,arrive_time,location_id,estimated_load,train_mileage,pattern_distance,location_distance,x_coordinate,y_coordinate,data_source,schedule_status,leave,stop,arrive
1298380,56893,6501,65,0,56820,56893,0.0,5,3.3405,3.3716,221.929479,-122.55068,45.599898333333336,1,4,15:48:13,15:47:00,15:48:13
1298380,57667,6501,65,0,57240,57667,492.0,2,6.6201,6.5592,107.177288,-122.5052,45.59450833333333,2,6,16:01:07,15:54:00,16:01:07
1298380,56744,6501,65,0,56640,56744,0.0,5,1.5037,1.5043,156.530039,-122.54626166666668,45.574165,1,4,15:45:44,15:44:00,15:45:44
1298380,56507,6501,65,0,56400,56507,722.0,5,0.0,0.0,19.694848,-122.56457,45.55873166666667,2,5,15:41:47,15:40:00,15:41:47
