vehicle_number,leave_time,train,route_number,direction,stop_time,arrive_time,location_id,estimated_load,train_mileage,pattern_distance,location_distance,x_coordinate,y_coordinate,data_source,schedule_status,leave,stop,arrive
2294,65275,6001,60,1,65340.0,65275,832,0,4.0489,4.3782,54.48015,-122.68547166666669,45.59600833333333,2,6,18:07:55,18:09:00,18:07:55
2294,64348,6001,60,1,65340.0,64298,908,7,0.023,0.1877,25.627788,-122.67053166666666,45.62853833333333,2,2,17:52:28,18:09:00,17:51:38
2294,64623,6001,60,1,64620.0,64385,1132,3,0.1547,0.3275,15.807921,-122.67047666666669,45.63057333333333,2,4,17:57:03,17:57:00,17:53:05
2294,64916,6001,60,1,64920.0,64858,986,3,2.0853,2.2972,54.665912,-122.68125,45.61096333333333,2,4,18:01:56,18:02:00,18:00:58
