vehicle_number,leave_time,train,route_number,direction,stop_time,arrive_time,location_id,estimated_load,train_mileage,pattern_distance,location_distance,x_coordinate,y_coordinate,data_source,schedule_status,leave,stop,arrive
4012,35073,6501,65,0,35040,35073,0.0,3,1.5,1.5043,131.451508,-122.54577,45.574873333333336,1,4,09:44:33,09:44:00,09:44:33
4012,35217,6501,65,0,35220,35217,0.0,3,3.3361,3.3716,221.16423,-122.55068333333334,45.5999,1,4,09:46:57,09:47:00,09:46:57
4012,35582,6501,65,0,35640,35582,492.0,0,6.6101,6.5592,106.052491,-122.50518,45.59451166666667,2,6,09:53:02,09:54:00,09:53:02
4012,35297,6501,65,0,35340,35297,0.0,3,4.1091,4.1445,197.6721,-122.54606,45.60206,1,4,09:48:17,09:49:00,09:48:17
