vehicle_number,leave_time,train,route_number,direction,stop_time,arrive_time,location_id,estimated_load,train_mileage,pattern_distance,location_distance,x_coordinate,y_coordinate,data_source,schedule_status,leave,stop,arrive
2291,72649,6002,60,1,72600.0,72509,1132,2,0.2896,0.3275,5.977996,-122.67044333333334,45.63052833333333,2,4,20:10:49,20:10:00,20:08:29
2291,72889,6002,60,1,72840.0,72889,986,2,2.2574,2.2972,119.10323,-122.681295,45.61078666666667,2,4,20:14:49,20:14:00,20:14:49
2291,72997,6002,60,1,72840.0,72997,1015,2,2.6762,2.7452,192.55093,-122.68431,45.61285166666666,2,2,20:16:37,20:14:00,20:16:37
2291,72464,6002,60,1,72840.0,72443,908,4,0.1578,0.1877,26.917598,-122.670535,45.62854166666666,2,2,20:07:44,20:14:00,20:07:23
