vehicle_number,leave_time,train,route_number,direction,stop_time,arrive_time,location_id,estimated_load,train_mileage,pattern_distance,location_distance,x_coordinate,y_coordinate,data_source,schedule_status,leave,stop,arrive
2901,47224,601,6,1,,47224,1035,3,1.3434,1.3527,27.656974,-122.67557333333332,45.64025,2,2,13:07:04,,13:07:04
2901,47276,601,6,1,,47258,1036,2,1.5398,1.5801,7.596764,-122.68013166666668,45.640325,2,2,13:07:56,,13:07:38
2901,47363,601,6,1,,47363,3,2,2.2369,2.2605,113.688737,-122.69249833333332,45.64177166666666,2,2,13:09:23,,13:09:23
2901,46831,601,6,1,46800.0,46831,880,3,0.0,0.0,13.288304,-122.65559666666668,45.638263333333335,2,5,13:00:31,13:00:00,13:00:31
2901,47205,601,6,1,47160.0,47205,1019,3,1.2191,1.2135,66.749392,-122.67286333333334,45.64023,2,4,13:06:45,13:06:00,13:06:45
