vehicle_number,leave_time,train,route_number,direction,stop_time,arrive_time,location_id,estimated_load,train_mileage,pattern_distance,location_distance,x_coordinate,y_coordinate,data_source,schedule_status,leave,stop,arrive
2294,57586,6001,60,1,57420.0,57558,1132,3,0.1516,0.3275,15.836157,-122.67044166666666,45.6305,2,4,15:59:46,15:57:00,15:59:18
2294,57844,6001,60,1,57720.0,57844,986,3,2.1195,2.2972,70.627508,-122.68120833333332,45.61090833333333,2,4,16:04:04,16:02:00,16:04:04
2294,57937,6001,60,1,57720.0,57920,1015,2,2.4911,2.7452,34.325418,-122.68461,45.61247333333333,2,2,16:05:37,16:02:00,16:05:20
2294,57478,6001,60,1,57240.0,57478,906,4,0.0,0.0,689.04139,-122.67058833333331,45.62814,2,5,15:57:58,15:54:00,15:57:58
