vehicle_number,leave_time,train,route_number,direction,stop_time,arrive_time,location_id,estimated_load,train_mileage,pattern_distance,location_distance,x_coordinate,y_coordinate,data_source,schedule_status,leave,stop,arrive
4038,54373,2502,19,1,,54355,533,6,3.6158,3.6624,98.667211,-122.65314833333332,45.69967166666667,2,2,15:06:13,,15:05:55
4038,54398,2502,19,1,,54398,534,6,3.8345,3.8649,73.319542,-122.65439666666668,45.69737333333333,2,2,15:06:38,,15:06:38
4038,54441,2502,19,1,,54441,756,6,4.1116,4.1259,233.182535,-122.65686333333332,45.69309333333333,2,2,15:07:21,,15:07:21
4038,54263,2502,19,1,,54263,933,7,2.9664,2.9876,22.584284,-122.64936,45.709205,2,2,15:04:23,,15:04:23
4038,54308,2502,19,1,,54308,530,7,3.2001,3.2193,119.922154,-122.64984,45.70561,2,2,15:05:08,,15:05:08
4038,54339,2502,19,1,,54339,532,7,3.5076,3.5356,135.87589,-122.65183833333332,45.70198333333333,2,2,15:05:39,,15:05:39
4038,54657,2502,19,1,54660.0,54657,877,0,4.7641,4.7945,37.624374,-122.66398333333332,45.69034,2,6,15:10:57,15:11:00,15:10:57
4038,53626,2502,19,1,53640.0,53626,1044,3,0.0,0.0,21.046488,-122.64098333333334,45.72908833333334,2,5,14:53:46,14:54:00,14:53:46
4038,53876,2502,19,1,53940.0,53876,1046,3,1.8579,1.8647,120.299016,-122.65143833333332,45.724895,2,4,14:57:56,14:59:00,14:57:56
