vehicle_number,leave_time,train,route_number,direction,stop_time,arrive_time,location_id,estimated_load,train_mileage,pattern_distance,location_distance,x_coordinate,y_coordinate,data_source,schedule_status,leave,stop,arrive
1298380,41852,6501,65,1,41820,41852,0.0,5,4.7137,4.8989,245.751481,-122.54396166666666,45.58022833333333,1,4,11:37:32,11:37:00,11:37:32
1298380,42148,6501,65,1,42000,42148,722.0,2,6.9171,7.2607,23.558987,-122.56458166666668,45.558725,2,6,11:42:28,11:40:00,11:42:28
1298380,41738,6501,65,1,41700,41738,0.0,5,3.0335,3.215,28.941081,-122.551715,45.60300333333333,1,4,11:35:38,11:35:00,11:35:38
