vehicle_number,leave_time,train,route_number,direction,stop_time,arrive_time,location_id,estimated_load,train_mileage,pattern_distance,location_distance,x_coordinate,y_coordinate,data_source,schedule_status,leave,stop,arrive
4015,49201,6501,65,0,49200,49201,722.0,6,0.0,0.0,24.261666,-122.56458333333332,45.55872333333333,2,5,13:40:01,13:40:00,13:40:01
4015,49786,6501,65,0,50040,49786,492.0,0,6.6207,6.5592,115.724722,-122.50518166666669,45.59454,2,6,13:49:46,13:54:00,13:49:46
4015,49553,6501,65,0,49740,49553,0.0,6,4.1166,4.1445,113.74975,-122.54573833333332,45.60203,1,4,13:45:53,13:49:00,13:45:53
4015,49651,6501,65,0,49920,49651,0.0,6,5.7005,5.7222,133.970884,-122.51409,45.59443666666667,1,4,13:47:31,13:52:00,13:47:31
