vehicle_number,leave_time,train,route_number,direction,stop_time,arrive_time,location_id,estimated_load,train_mileage,pattern_distance,location_distance,x_coordinate,y_coordinate,data_source,schedule_status,leave,stop,arrive
1298380,63243,6501,65,1,63300,63243,0.0,2,3.0099,3.215,38.618401,-122.55175666666666,45.60318,1,4,17:34:03,17:35:00,17:34:03
1298380,63614,6501,65,1,63600,63614,722.0,2,6.9078,7.2607,24.275257,-122.56458166666668,45.55872166666666,2,6,17:40:14,17:40:00,17:40:14
1298380,63351,6501,65,1,63420,63351,0.0,2,4.6932,4.8989,212.117172,-122.54397833333331,45.58013666666667,1,4,17:35:51,17:37:00,17:35:51
