vehicle_number,leave_time,train,route_number,direction,stop_time,arrive_time,location_id,estimated_load,train_mileage,pattern_distance,location_distance,x_coordinate,y_coordinate,data_source,schedule_status,leave,stop,arrive
2291,54570,6002,60,1,52920.0,54481,1132,9,0.2902,0.3275,17.615509,-122.67046666666668,45.630585,2,4,15:09:30,14:42:00,15:08:01
2291,55008,6002,60,1,52920.0,54992,1015,7,2.634,2.7452,34.464452,-122.68472,45.61230166666667,2,2,15:16:48,14:42:00,15:16:32
2291,54904,6002,60,1,53220.0,54865,986,8,2.2226,2.2972,88.485254,-122.68127333333334,45.61087,2,4,15:15:04,14:47:00,15:14:25
2291,55269,6002,60,1,53640.0,55269,832,0,4.1887,4.3782,57.336745,-122.68548,45.596,2,6,15:21:09,14:54:00,15:21:09
