vehicle_number,leave_time,train,route_number,direction,stop_time,arrive_time,location_id,estimated_load,train_mileage,pattern_distance,location_distance,x_coordinate,y_coordinate,data_source,schedule_status,leave,stop,arrive
2404,36288,601,6,1,36360.0,36288,1019,4,1.2309,1.2135,148.316984,-122.67318,45.64023666666667,2,4,10:04:48,10:06:00,10:04:48
2404,36427,601,6,1,36360.0,36427,3,4,2.2456,2.2605,157.982704,-122.692515,45.641893333333336,2,2,10:07:07,10:06:00,10:07:07
2404,36469,601,6,1,36600.0,36469,995,4,2.483,2.5445,31.597326,-122.69236666666669,45.645518333333335,2,6,10:07:49,10:10:00,10:07:49
2404,36036,601,6,1,36000.0,36036,880,4,0.0,0.0,58.087842,-122.6556,45.63812,2,5,10:00:36,10:00:00,10:00:36
2404,36340,601,6,1,36000.0,36340,1036,4,1.592,1.5801,39.129142,-122.6803,45.64028166666667,2,2,10:05:40,10:00:00,10:05:40
