vehicle_number,leave_time,train,route_number,direction,stop_time,arrive_time,location_id,estimated_load,train_mileage,pattern_distance,location_distance,x_coordinate,y_coordinate,data_source,schedule_status,leave,stop,arrive
1298380,57894,6501,65,1,57840,57894,0.0,4,2.3904,2.5644,294.75548,-122.546735,45.60287,1,4,16:04:54,16:04:00,16:04:54
1298380,57733,6501,65,1,57600,57733,492.0,4,0.0,2.0822,248.836322,-122.50409666666668,45.59403833333333,2,5,16:02:13,16:00:00,16:02:13
1298380,58323,6501,65,1,58200,58323,722.0,1,6.9072,7.2607,17.675863,-122.56455833333334,45.55873,2,6,16:12:03,16:10:00,16:12:03
