vehicle_number,leave_time,train,route_number,direction,stop_time,arrive_time,location_id,estimated_load,train_mileage,pattern_distance,location_distance,x_coordinate,y_coordinate,data_source,schedule_status,leave,stop,arrive
2294,49773,6001,60,1,48660.0,49736,986,5,2.2183,2.2972,39.120206,-122.68121833333332,45.611,2,4,13:49:33,13:31:00,13:48:56
2294,49475,6001,60,1,48360.0,49453,1132,4,0.2877,0.3275,19.36007,-122.67042833333332,45.63049,2,4,13:44:35,13:26:00,13:44:13
2294,49871,6001,60,1,48360.0,49862,1015,5,2.6303,2.7452,25.569957,-122.68469666666668,45.612321666666666,2,2,13:51:11,13:26:00,13:51:02
2294,50153,6001,60,1,49080.0,50153,832,0,4.1719,4.3782,16.742645,-122.68543166666667,45.59617166666666,2,6,13:55:53,13:38:00,13:55:53
