vehicle_number,leave_time,train,route_number,direction,stop_time,arrive_time,location_id,estimated_load,train_mileage,pattern_distance,location_distance,x_coordinate,y_coordinate,data_source,schedule_status,leave,stop,arrive
2291,43880,6002,60,1,43860.0,43682,1132,7,0.2902,0.3275,13.875512,-122.67043,45.630505,2,4,12:11:20,12:11:00,12:08:02
2291,44573,6002,60,1,44520.0,44573,832,0,4.1887,4.3782,56.858475,-122.68547333333332,45.596001666666666,2,6,12:22:53,12:22:00,12:22:53
2291,43563,6002,60,1,43680.0,43563,906,4,0.0,0.0,9.805589,-122.67053833333334,45.626243333333335,2,5,12:06:03,12:08:00,12:06:03
2291,43647,6002,60,1,43680.0,43614,908,5,0.1572,0.1877,36.892114,-122.67052833333334,45.62859,2,2,12:07:27,12:08:00,12:06:54
