vehicle_number,leave_time,train,route_number,direction,stop_time,arrive_time,location_id,estimated_load,train_mileage,pattern_distance,location_distance,x_coordinate,y_coordinate,data_source,schedule_status,leave,stop,arrive
1298380,48222,6501,65,0,48240,48222,492.0,0,6.6133,6.5592,110.066949,-122.50519166666666,45.59452,2,6,13:23:42,13:24:00,13:23:42
1298380,48062,6501,65,0,48120,48062,0.0,5,5.6911,5.7222,45.983883,-122.51441,45.594528333333336,1,4,13:21:02,13:22:00,13:21:02
1298380,47895,6501,65,0,47820,47895,0.0,5,3.3361,3.3716,268.650179,-122.55064,45.59977333333333,1,4,13:18:15,13:17:00,13:18:15
1298380,47528,6501,65,0,47400,47528,722.0,5,0.0,0.0,16.725986,-122.56455333333334,45.55873,2,5,13:12:08,13:10:00,13:12:08
