vehicle_number,leave_time,train,route_number,direction,stop_time,arrive_time,location_id,estimated_load,train_mileage,pattern_distance,location_distance,x_coordinate,y_coordinate,data_source,schedule_status,leave,stop,arrive
2901,32638,601,6,1,,32638,128,1,0.9799,0.937,239.903065,-122.667825,45.64017166666667,2,2,09:03:58,,09:03:58
2901,32808,601,6,1,,32808,1035,1,1.3391,1.3527,25.279895,-122.67537666666666,45.640238333333336,2,2,09:06:48,,09:06:48
2901,32780,601,6,1,32760.0,32770,1019,1,1.1843,1.2135,24.814778,-122.67270166666668,45.64024,2,4,09:06:20,09:06:00,09:06:10
2901,32403,601,6,1,32400.0,32403,880,1,0.0,0.0,15.79738,-122.65560333333332,45.63825666666666,2,5,09:00:03,09:00:00,09:00:03
2901,33014,601,6,1,33000.0,33014,995,2,2.5203,2.5445,67.526286,-122.69240333333332,45.645775,2,6,09:10:14,09:10:00,09:10:14
