vehicle_number,leave_time,train,route_number,direction,stop_time,arrive_time,location_id,estimated_load,train_mileage,pattern_distance,location_distance,x_coordinate,y_coordinate,data_source,schedule_status,leave,stop,arrive
1298380,45931,6501,65,0,45840,45931,0.0,6,1.5037,1.5043,40.439168,-122.54590333333331,45.574641666666665,1,4,12:45:31,12:44:00,12:45:31
1298380,45628,6501,65,0,45600,45628,722.0,6,0.0,0.0,18.640165,-122.56456666666666,45.558733333333336,2,5,12:40:28,12:40:00,12:40:28
1298380,46124,6501,65,0,46140,46124,0.0,6,4.1147,4.1445,256.263501,-122.54628166666669,45.602095,1,4,12:48:44,12:49:00,12:48:44
1298380,46057,6501,65,0,46020,46057,0.0,6,3.3386,3.3716,113.691881,-122.55073,45.600195,1,4,12:47:37,12:47:00,12:47:37
