vehicle_number,leave_time,train,route_number,direction,stop_time,arrive_time,location_id,estimated_load,train_mileage,pattern_distance,location_distance,x_coordinate,y_coordinate,data_source,schedule_status,leave,stop,arrive
2901,58078,601,6,1,,58078,1036,2,1.5789,1.5801,163.914706,-122.68079333333333,45.640295,2,2,16:07:58,,16:07:58
2901,58044,601,6,1,,58044,1035,2,1.3403,1.3527,63.258622,-122.67571166666669,45.64024833333333,2,2,16:07:24,,16:07:24
2901,57969,601,6,1,,57969,128,2,0.9451,0.937,103.247011,-122.66729166666669,45.64017,2,2,16:06:09,,16:06:09
2901,57714,601,6,1,57600.0,57714,880,2,0.0,0.0,60.652572,-122.65560333333332,45.63811333333334,2,5,16:01:54,16:00:00,16:01:54
2901,58025,601,6,1,57960.0,58025,1019,2,1.2185,1.2135,93.353835,-122.67296666666668,45.64023,2,4,16:07:05,16:06:00,16:07:05
