vehicle_number,leave_time,train,route_number,direction,stop_time,arrive_time,location_id,estimated_load,train_mileage,pattern_distance,location_distance,x_coordinate,y_coordinate,data_source,schedule_status,leave,stop,arrive
4015,45904,6501,65,0,45840,45904,0.0,9,1.5106,1.5043,18.3372,-122.54601166666669,45.5745,1,4,12:45:04,12:44:00,12:45:04
4015,45680,6501,65,0,45600,45680,722.0,9,0.0,0.0,19.384466,-122.564565,45.558728333333335,2,5,12:41:20,12:40:00,12:41:20
4015,46018,6501,65,0,46020,46018,0.0,9,3.3486,3.3716,25.671359,-122.55077,45.60045333333333,1,4,12:46:58,12:47:00,12:46:58
4015,46340,6501,65,0,46440,46340,492.0,0,6.6294,6.5592,113.037299,-122.50518833333334,45.59453,2,6,12:52:20,12:54:00,12:52:20
