vehicle_number,leave_time,train,route_number,direction,stop_time,arrive_time,location_id,estimated_load,train_mileage,pattern_distance,location_distance,x_coordinate,y_coordinate,data_source,schedule_status,leave,stop,arrive
2291,39866,6002,60,0,,39866,918,6,1.6087,1.6317,142.309015,-122.67721666666668,45.611756666666665,2,2,11:04:26,,11:04:26
2291,39653,6002,60,0,39600.0,39653,832,6,0.0,0.0,165.478468,-122.68551333333332,45.59570333333333,2,5,11:00:53,11:00:00,11:00:53
2291,40011,6002,60,0,39900.0,40011,919,6,1.994,2.017,164.003926,-122.68139666666669,45.610681666666665,2,4,11:06:51,11:05:00,11:06:51
