vehicle_number,leave_time,train,route_number,direction,stop_time,arrive_time,location_id,estimated_load,train_mileage,pattern_distance,location_distance,x_coordinate,y_coordinate,data_source,schedule_status,leave,stop,arrive
4004,28800,6001,60,1,28800.0,28677,1132,7,0.1864,0.3275,9.889944,-122.67040666666666,45.630523333333336,2,4,08:00:00,08:00:00,07:57:57
4004,28584,6001,60,1,28620.0,28584,906,3,0.0,0.0,487.630743,-122.67060166666668,45.627586666666666,2,5,07:56:24,07:57:00,07:56:24
