vehicle_number,leave_time,train,route_number,direction,stop_time,arrive_time,location_id,estimated_load,train_mileage,pattern_distance,location_distance,x_coordinate,y_coordinate,data_source,schedule_status,leave,stop,arrive
4038,39771,2502,19,1,,39771,530,3,3.1143,3.2193,135.121532,-122.64987,45.70557333333333,2,2,11:02:51,,11:02:51
4038,39833,2502,19,1,,39833,534,3,3.7581,3.8649,186.200628,-122.65475333333332,45.69670833333333,2,2,11:03:53,,11:03:53
4038,39207,2502,19,1,39180.0,39207,1044,2,0.0,0.0,394.231534,-122.641,45.73013666666667,2,5,10:53:27,10:53:00,10:53:27
4038,39630,2502,19,1,39180.0,39602,931,3,2.424,2.5613,7.154807,-122.65162666666669,45.71510166666667,2,2,11:00:30,10:53:00,11:00:02
4038,39697,2502,19,1,39180.0,39697,933,3,2.8832,2.9876,53.586765,-122.64939666666666,45.70929,2,2,11:01:37,10:53:00,11:01:37
4038,39803,2502,19,1,39180.0,39803,532,3,3.4225,3.5356,136.325944,-122.651845,45.70198666666667,2,2,11:03:23,10:53:00,11:03:23
4038,39815,2502,19,1,39180.0,39815,533,3,3.5443,3.6624,48.748073,-122.653075,45.69979833333333,2,2,11:03:35,10:53:00,11:03:35
4038,40075,2502,19,1,40200.0,40075,877,0,4.6702,4.7945,32.556017,-122.66394666666666,45.69034833333333,2,6,11:07:55,11:10:00,11:07:55
4038,39864,2502,19,1,40200.0,39864,756,3,4.0252,4.1259,245.132128,-122.65688666666668,45.693065,2,2,11:04:24,11:10:00,11:04:24
