vehicle_number,leave_time,train,route_number,direction,stop_time,arrive_time,location_id,estimated_load,train_mileage,pattern_distance,location_distance,x_coordinate,y_coordinate,data_source,schedule_status,leave,stop,arrive
4015,63987,6501,65,0,64140,63987,0.0,6,4.1098,4.1445,180.879427,-122.54599833333332,45.60203833333333,1,4,17:46:27,17:49:00,17:46:27
4015,64085,6501,65,0,64320,64085,0.0,6,5.688,5.7222,46.655697,-122.51441166666666,45.59451,1,4,17:48:05,17:52:00,17:48:05
4015,63809,6501,65,0,63840,63809,0.0,6,1.4963,1.5043,362.159623,-122.54666,45.57367666666666,1,4,17:43:29,17:44:00,17:43:29
4015,63623,6501,65,0,63600,63623,722.0,6,0.0,0.0,23.617162,-122.564585,45.558728333333335,2,5,17:40:23,17:40:00,17:40:23
