vehicle_number,leave_time,train,route_number,direction,stop_time,arrive_time,location_id,estimated_load,train_mileage,pattern_distance,location_distance,x_coordinate,y_coordinate,data_source,schedule_status,leave,stop,arrive
2294,31835,6001,60,0,31800.0,31821,919,6,1.9592,2.017,2.110424,-122.68115833333331,45.611093333333336,2,4,08:50:35,08:50:00,08:50:21
2294,32205,6001,60,0,32220.0,32205,906,4,4.3633,4.5254,16.640685,-122.67053833333334,45.62621333333333,2,6,08:56:45,08:57:00,08:56:45
2294,31724,6001,60,0,32220.0,31704,918,7,1.5752,1.6317,40.124537,-122.67736166666668,45.61127166666667,2,2,08:48:44,08:57:00,08:48:24
