vehicle_number,leave_time,train,route_number,direction,stop_time,arrive_time,location_id,estimated_load,train_mileage,pattern_distance,location_distance,x_coordinate,y_coordinate,data_source,schedule_status,leave,stop,arrive
6001,72780,5002,50,0,72780.0,72780,1017,1,0.0,0.0,2.042129,-122.67201166666666,45.62664,2,5,20:13:00,20:13:00,20:13:00
6001,74036,5002,50,0,74040.0,73998,1128,6,4.2738,4.3794,36.182544,-122.59934666666666,45.644905,2,4,20:33:56,20:34:00,20:33:18
6001,74103,5002,50,0,74040.0,74083,1129,5,4.6162,4.7293,75.704127,-122.59263666666666,45.64700666666667,2,2,20:35:03,20:34:00,20:34:43
6001,74272,5002,50,0,74040.0,74240,1102,5,5.3345,5.4538,52.807371,-122.58652833333332,45.65314833333333,2,2,20:37:52,20:34:00,20:37:20
6001,73619,5002,50,0,74040.0,73603,1123,6,2.5905,2.6756,41.520252,-122.63250666666669,45.63738166666667,2,2,20:26:59,20:34:00,20:26:43
6001,73728,5002,50,0,74040.0,73707,1124,6,3.2032,3.2827,84.413988,-122.62062166666666,45.64004666666666,2,2,20:28:48,20:34:00,20:28:27
6001,75083,5002,50,0,74460.0,75083,1095,0,5.9422,6.0031,88.619384,-122.58436833333332,45.65628,2,6,20:51:23,20:41:00,20:51:23
6001,73304,5002,50,0,74460.0,73288,1118,4,1.49,1.5466,108.329224,-122.65407333333332,45.63563333333333,2,2,20:21:44,20:41:00,20:21:28
6001,74175,5002,50,0,74460.0,74160,1130,5,5.0418,5.1561,62.027599,-122.58507166666666,45.65010166666666,2,2,20:36:15,20:41:00,20:36:00
6001,73467,5002,50,0,74460.0,73455,1121,3,1.9492,2.0282,11.409961,-122.64600333333334,45.63829166666667,2,2,20:24:27,20:41:00,20:24:15
6001,73048,5002,50,0,74460.0,73032,1116,4,0.5139,0.5381,94.070182,-122.67042166666668,45.63297833333333,2,2,20:17:28,20:41:00,20:17:12
6001,73540,5002,50,0,73500.0,73509,1122,6,2.1773,2.2506,38.006455,-122.64125666666666,45.63789166666667,2,4,20:25:40,20:25:00,20:25:09
6001,73791,5002,50,0,73500.0,73771,1125,5,3.443,3.5424,18.40777,-122.61586,45.641315,2,2,20:29:51,20:25:00,20:29:31
6001,72951,5002,50,0,73500.0,72935,1115,3,0.3647,0.3971,47.068723,-122.67046166666668,45.630813333333336,2,2,20:15:51,20:25:00,20:15:35
6001,73186,5002,50,0,73500.0,73169,1117,4,1.1564,1.2142,24.125458,-122.659875,45.63361833333333,2,2,20:19:46,20:25:00,20:19:29
6001,73961,5002,50,0,73920.0,73916,1127,5,4.0333,4.1346,45.215178,-122.60423333333334,45.64411666666667,2,4,20:32:41,20:32:00,20:31:56
