vehicle_number,leave_time,train,route_number,direction,stop_time,arrive_time,location_id,estimated_load,train_mileage,pattern_distance,location_distance,x_coordinate,y_coordinate,data_source,schedule_status,leave,stop,arrive
2294,47648,6001,60,1,,47624,908,8,0.1553,0.1877,20.636901,-122.670495,45.62855166666667,2,2,13:14:08,,13:13:44
2294,47793,6001,60,1,46560.0,47731,1132,11,0.2871,0.3275,13.250661,-122.67043166666669,45.63050666666667,2,4,13:16:33,12:56:00,13:15:31
2294,48448,6001,60,1,47220.0,48448,832,3,4.1837,4.3782,55.610453,-122.685475,45.596005,2,6,13:27:28,13:07:00,13:27:28
2294,48205,6001,60,1,47220.0,48199,1015,9,2.6315,2.7452,20.901731,-122.68468833333333,45.61233333333333,2,2,13:23:25,13:07:00,13:23:19
