vehicle_number,leave_time,train,route_number,direction,stop_time,arrive_time,location_id,estimated_load,train_mileage,pattern_distance,location_distance,x_coordinate,y_coordinate,data_source,schedule_status,leave,stop,arrive
2294,56635,6001,60,1,55920.0,56617,986,3,2.2202,2.2972,18.716642,-122.68117166666669,45.611048333333336,2,4,15:43:55,15:32:00,15:43:37
2294,56279,6001,60,1,55920.0,56269,908,5,0.156,0.1877,23.663285,-122.67053,45.628495,2,2,15:37:59,15:32:00,15:37:49
2294,56722,6001,60,1,55920.0,56722,1015,3,2.6688,2.7452,108.994652,-122.68447666666668,45.612655,2,2,15:45:22,15:32:00,15:45:22
2294,56907,6001,60,1,56340.0,56907,832,2,4.1862,4.3782,54.938713,-122.68547833333334,45.59600666666667,2,6,15:48:27,15:39:00,15:48:27
