vehicle_number,leave_time,train,route_number,direction,stop_time,arrive_time,location_id,estimated_load,train_mileage,pattern_distance,location_distance,x_coordinate,y_coordinate,data_source,schedule_status,leave,stop,arrive
4034,84554,6002,60,1,84300.0,84020,1132,1,0.2927,0.3275,17.177427,-122.67042833333332,45.63059,2,4,23:29:14,23:25:00,23:20:20
4034,83923,6002,60,1,84120.0,83923,906,10,0.0,0.0,4.823332,-122.67048833333334,45.62626,2,5,23:18:43,23:22:00,23:18:43
4034,84807,6002,60,1,84540.0,84789,986,2,2.2251,2.2972,22.685342,-122.68122833333334,45.61106,2,4,23:33:27,23:29:00,23:33:09
4034,84903,6002,60,1,84540.0,84903,1015,2,2.6694,2.7452,138.465467,-122.68439833333332,45.61271666666666,2,2,23:35:03,23:29:00,23:35:03
