vehicle_number,leave_time,train,route_number,direction,stop_time,arrive_time,location_id,estimated_load,train_mileage,pattern_distance,location_distance,x_coordinate,y_coordinate,data_source,schedule_status,leave,stop,arrive
1298380,43527,6501,65,1,43500,43527,0.0,3,3.036,3.215,33.867246,-122.55174833333334,45.603168333333336,1,4,12:05:27,12:05:00,12:05:27
1298380,43470,6501,65,1,43440,43470,0.0,3,2.3861,2.5644,347.580656,-122.54654333333332,45.60282,1,4,12:04:30,12:04:00,12:04:30
1298380,43286,6501,65,1,43200,43286,492.0,3,0.0,2.0822,95.033137,-122.50517,45.59448166666667,2,5,12:01:26,12:00:00,12:01:26
