vehicle_number,leave_time,train,route_number,direction,stop_time,arrive_time,location_id,estimated_load,train_mileage,pattern_distance,location_distance,x_coordinate,y_coordinate,data_source,schedule_status,leave,stop,arrive
2404,32945,601,6,1,,32945,128,4,0.978,0.937,152.509017,-122.66748833333334,45.64019166666667,2,2,09:09:05,,09:09:05
2404,33000,601,6,1,32760.0,33000,1019,4,1.2253,1.2135,96.466104,-122.67297833333332,45.64022666666666,2,4,09:10:00,09:06:00,09:10:00
2404,33020,601,6,1,32760.0,33020,1035,4,1.3478,1.3527,39.326954,-122.67532,45.640238333333336,2,2,09:10:20,09:06:00,09:10:20
2404,33179,601,6,1,33000.0,33179,995,4,2.4836,2.5445,29.858186,-122.69236,45.64552166666667,2,6,09:12:59,09:10:00,09:12:59
2404,33053,601,6,1,33000.0,33053,1036,4,1.5857,1.5801,111.960645,-122.68059,45.640283333333336,2,2,09:10:53,09:10:00,09:10:53
