vehicle_number,leave_time,train,route_number,direction,stop_time,arrive_time,location_id,estimated_load,train_mileage,pattern_distance,location_distance,x_coordinate,y_coordinate,data_source,schedule_status,leave,stop,arrive
2294,83056,6001,60,1,83160.0,83056,832,0,4.0563,4.3782,51.414135,-122.68547333333332,45.59601666666666,2,6,23:04:16,23:06:00,23:04:16
2294,82287,6001,60,1,82320.0,82287,906,5,0.0,0.0,683.426219,-122.67056833333334,45.628125,2,5,22:51:27,22:52:00,22:51:27
2294,82767,6001,60,1,82740.0,82767,986,2,2.1294,2.2972,187.940328,-122.68146666666668,45.61063166666667,2,4,22:59:27,22:59:00,22:59:27
2294,82862,6001,60,1,82740.0,82862,1015,2,2.5476,2.7452,178.421053,-122.68434666666668,45.61282166666667,2,2,23:01:02,22:59:00,23:01:02
