vehicle_number,leave_time,train,route_number,direction,stop_time,arrive_time,location_id,estimated_load,train_mileage,pattern_distance,location_distance,x_coordinate,y_coordinate,data_source,schedule_status,leave,stop,arrive
2901,43723,601,6,1,,43723,1036,3,1.5789,1.5801,58.901459,-122.680385,45.640295,2,2,12:08:43,,12:08:43
2901,43819,601,6,1,,43807,3,2,2.1922,2.2605,82.662572,-122.692505,45.641686666666665,2,2,12:10:19,,12:10:07
2901,43242,601,6,1,43200.0,43242,880,4,0.0,0.0,62.368436,-122.65561166666669,45.63811,2,5,12:00:42,12:00:00,12:00:42
2901,43861,601,6,1,43800.0,43861,995,2,2.5141,2.5445,178.531248,-122.69240666666668,45.646085,2,6,12:11:01,12:10:00,12:11:01
2901,43690,601,6,1,43800.0,43690,1035,3,1.3316,1.3527,45.844932,-122.675645,45.640256666666666,2,2,12:08:10,12:10:00,12:08:10
