vehicle_number,leave_time,train,route_number,direction,stop_time,arrive_time,location_id,estimated_load,train_mileage,pattern_distance,location_distance,x_coordinate,y_coordinate,data_source,schedule_status,leave,stop,arrive
4015,61854,6501,65,0,61800,61854,722.0,9,0.0,0.0,13.713456,-122.56455,45.55874,2,5,17:10:54,17:10:00,17:10:54
4015,62283,6501,65,0,62520,62283,0.0,9,5.6918,5.7222,59.197906,-122.51436166666667,45.59451166666667,1,4,17:18:03,17:22:00,17:18:03
4015,62441,6501,65,0,62640,62441,492.0,0,6.6176,6.5592,111.72423,-122.50520166666666,45.594521666666665,2,6,17:20:41,17:24:00,17:20:41
4015,62122,6501,65,0,62220,62122,0.0,9,3.3448,3.3716,300.935304,-122.55063833333334,45.59968333333333,1,4,17:15:22,17:17:00,17:15:22
