vehicle_number,leave_time,train,route_number,direction,stop_time,arrive_time,location_id,estimated_load,train_mileage,pattern_distance,location_distance,x_coordinate,y_coordinate,data_source,schedule_status,leave,stop,arrive
6003,35535,5003,50,0,35580.0,35519,1119,11,1.7075,1.7597,104.426046,-122.65038166666666,45.637238333333336,2,4,09:52:15,09:53:00,09:51:59
6003,35391,5003,50,0,35580.0,35374,1117,11,1.1607,1.2142,43.429225,-122.65978333333334,45.63359333333333,2,2,09:49:51,09:53:00,09:49:34
6003,35704,5003,50,0,35700.0,35687,1122,13,2.1823,2.2506,40.959136,-122.641245,45.637908333333336,2,4,09:55:04,09:55:00,09:54:47
6003,36119,5003,50,0,36240.0,36098,1128,11,4.2812,4.3794,29.683697,-122.59938666666666,45.64490833333333,2,4,10:01:59,10:04:00,10:01:38
6003,36301,5003,50,0,36240.0,36286,1130,11,5.0493,5.1561,49.79898,-122.585125,45.650095,2,2,10:05:01,10:04:00,10:04:46
6003,35186,5003,50,0,36240.0,35135,1115,11,0.3691,0.3971,86.177956,-122.67046833333332,45.630921666666666,2,2,09:46:26,10:04:00,09:45:35
6003,35254,5003,50,0,36240.0,35243,1116,11,0.5176,0.5381,102.379943,-122.67044,45.633,2,2,09:47:34,10:04:00,09:47:23
6003,35465,5003,50,0,36240.0,35451,1118,12,1.4944,1.5466,87.840674,-122.65411833333332,45.63558666666667,2,2,09:51:05,10:04:00,09:50:51
6003,35889,5003,50,0,36240.0,35861,1124,15,3.2088,3.2827,84.147561,-122.62063,45.64006666666667,2,2,09:58:09,10:04:00,09:57:41
6003,36064,5003,50,0,36120.0,36040,1127,14,4.0402,4.1346,98.52506,-122.60404,45.64418166666667,2,4,10:01:04,10:02:00,10:00:40
6003,36382,5003,50,0,36120.0,36351,1102,11,5.3426,5.4538,44.317432,-122.586505,45.65313166666667,2,2,10:06:22,10:02:00,10:05:51
6003,35604,5003,50,0,36120.0,35590,1121,11,1.9542,2.0282,10.518245,-122.64595833333334,45.63830333333333,2,2,09:53:24,10:02:00,09:53:10
6003,36488,5003,50,0,36660.0,36488,1095,0,5.7968,6.0031,83.87315,-122.584345,45.656285,2,6,10:08:08,10:11:00,10:08:08
6003,34990,5003,50,0,34980.0,34990,1017,7,0.0,0.0,8.779844,-122.67203666666668,45.626628333333336,2,5,09:43:10,09:43:00,09:43:10
6003,36213,5003,50,0,34980.0,36196,1129,11,4.6236,4.7293,29.023715,-122.59281333333334,45.64694333333333,2,2,10:03:33,09:43:00,10:03:16
6003,35787,5003,50,0,34980.0,35766,1123,14,2.5955,2.6756,19.857008,-122.63259333333332,45.637375,2,2,09:56:27,09:43:00,09:56:06
