vehicle_number,leave_time,train,route_number,direction,stop_time,arrive_time,location_id,estimated_load,train_mileage,pattern_distance,location_distance,x_coordinate,y_coordinate,data_source,schedule_status,leave,stop,arrive
2294,35855,6001,60,0,35820.0,35855,906,5,4.4664,4.5254,501.480875,-122.67059333333331,45.627625,2,6,09:57:35,09:57:00,09:57:35
2294,35429,6001,60,0,35400.0,35401,919,5,1.9474,2.017,34.903656,-122.68120333333331,45.61100833333333,2,4,09:50:29,09:50:00,09:50:01
2294,35534,6001,60,0,35400.0,35534,1015,5,2.396,2.465,130.653308,-122.68441,45.612696666666665,2,2,09:52:14,09:50:00,09:52:14
