vehicle_number,leave_time,train,route_number,direction,stop_time,arrive_time,location_id,estimated_load,train_mileage,pattern_distance,location_distance,x_coordinate,y_coordinate,data_source,schedule_status,leave,stop,arrive
4034,85831,6002,60,1,,85818,908,3,0.023,0.1877,31.22149,-122.67050333333331,45.62858333333333,2,2,23:50:31,,23:50:18
4034,85807,6002,60,1,85920.0,85807,906,4,0.0,0.0,641.460305,-122.67056,45.62801,2,5,23:50:07,23:52:00,23:50:07
4034,86667,6002,60,1,86760.0,86667,832,1,4.0569,4.3782,74.503435,-122.68551666666669,45.59595333333333,2,6,00:04:27,00:06:00,00:04:27
4034,86105,6002,60,1,86100.0,85871,1132,1,0.156,0.3275,16.053655,-122.670425,45.630586666666666,2,4,23:55:05,23:55:00,23:51:11
