vehicle_number,leave_time,train,route_number,direction,stop_time,arrive_time,location_id,estimated_load,train_mileage,pattern_distance,location_distance,x_coordinate,y_coordinate,data_source,schedule_status,leave,stop,arrive
2294,24619,6001,60,0,24600.0,24605,919,7,1.9523,2.017,5.540586,-122.68116833333332,45.611085,2,4,06:50:19,06:50:00,06:50:05
2294,24735,6001,60,0,24600.0,24721,1015,6,2.3668,2.465,17.745893,-122.684685,45.612341666666666,2,2,06:52:15,06:50:00,06:52:01
2294,25039,6001,60,0,25020.0,25039,906,6,4.3583,4.5254,28.077233,-122.67056166666669,45.62618666666667,2,6,06:57:19,06:57:00,06:57:19
