vehicle_number,leave_time,train,route_number,direction,stop_time,arrive_time,location_id,estimated_load,train_mileage,pattern_distance,location_distance,x_coordinate,y_coordinate,data_source,schedule_status,leave,stop,arrive
1298380,44367,6501,65,0,44340,44367,0.0,3,4.111,4.1445,29.144933,-122.5454,45.60202666666667,1,4,12:19:27,12:19:00,12:19:27
1298380,44298,6501,65,0,44220,44298,0.0,3,3.3424,3.3716,125.622308,-122.55071833333334,45.60016333333333,1,4,12:18:18,12:17:00,12:18:18
1298380,44464,6501,65,0,44520,44464,0.0,3,5.6924,5.7222,121.260994,-122.51499666666666,45.594701666666666,1,4,12:21:04,12:22:00,12:21:04
1298380,43937,6501,65,0,43800,43937,722.0,3,0.0,0.0,17.229075,-122.56457,45.55874666666666,2,5,12:12:17,12:10:00,12:12:17
