vehicle_number,leave_time,train,route_number,direction,stop_time,arrive_time,location_id,estimated_load,train_mileage,pattern_distance,location_distance,x_coordinate,y_coordinate,data_source,schedule_status,leave,stop,arrive
4015,53163,6501,65,0,53220,53163,0.0,4,3.3473,3.3716,22.85576,-122.55077833333333,45.600458333333336,1,4,14:46:03,14:47:00,14:46:03
4015,53326,6501,65,0,53520,53326,0.0,4,5.698,5.7222,137.50609,-122.515065,45.594705,1,4,14:48:46,14:52:00,14:48:46
4015,53227,6501,65,0,53340,53227,0.0,4,4.116,4.1445,305.074616,-122.54647166666666,45.60209833333333,1,4,14:47:07,14:49:00,14:47:07
4015,53505,6501,65,0,53640,53505,492.0,0,6.6182,6.5592,116.488238,-122.5052,45.59453666666667,2,6,14:51:45,14:54:00,14:51:45
