vehicle_number,leave_time,train,route_number,direction,stop_time,arrive_time,location_id,estimated_load,train_mileage,pattern_distance,location_distance,x_coordinate,y_coordinate,data_source,schedule_status,leave,stop,arrive
2291,68848,6002,60,1,68880.0,68848,906,4,0.0,0.0,18.634689,-122.67054166666668,45.62620833333333,2,5,19:07:28,19:08:00,19:07:28
2291,69469,6002,60,1,68880.0,69447,1015,3,2.6315,2.7452,21.248352,-122.68469333333331,45.61233333333333,2,2,19:17:49,19:08:00,19:17:27
2291,69717,6002,60,1,69720.0,69717,832,0,4.1825,4.3782,53.367516,-122.68546833333332,45.59601166666667,2,6,19:21:57,19:22:00,19:21:57
2291,68926,6002,60,1,69720.0,68909,908,4,0.1578,0.1877,25.162559,-122.67053166666666,45.628535,2,2,19:08:46,19:22:00,19:08:29
