vehicle_number,leave_time,train,route_number,direction,stop_time,arrive_time,location_id,estimated_load,train_mileage,pattern_distance,location_distance,x_coordinate,y_coordinate,data_source,schedule_status,leave,stop,arrive
1298380,62138,6501,65,0,62040,62138,0.0,5,1.5087,1.5043,274.075867,-122.5465,45.57389,1,4,17:15:38,17:14:00,17:15:38
1298380,62260,6501,65,0,62220,62260,0.0,5,3.3424,3.3716,80.201408,-122.55073166666666,45.60029166666666,1,4,17:17:40,17:17:00,17:17:40
1298380,61933,6501,65,0,61800,61933,722.0,5,0.0,0.0,26.723531,-122.56459166666669,45.55872,2,5,17:12:13,17:10:00,17:12:13
1298380,62328,6501,65,0,62340,62328,0.0,5,4.1104,4.1445,42.597029,-122.54513833333333,45.60198666666667,1,4,17:18:48,17:19:00,17:18:48
