vehicle_number,leave_time,train,route_number,direction,stop_time,arrive_time,location_id,estimated_load,train_mileage,pattern_distance,location_distance,x_coordinate,y_coordinate,data_source,schedule_status,leave,stop,arrive
4012,33502,6501,65,0,33540,33502,0.0,6,4.1116,4.1445,33.285701,-122.545175,45.601976666666665,1,4,09:18:22,09:19:00,09:18:22
4012,33296,6501,65,0,33240,33296,0.0,6,1.4969,1.5043,96.237631,-122.54578166666668,45.57476833333333,1,4,09:14:56,09:14:00,09:14:56
4012,33065,6501,65,0,33000,33065,722.0,6,0.0,0.0,17.394264,-122.56456666666666,45.55874,2,5,09:11:05,09:10:00,09:11:05
4012,33772,6501,65,0,33840,33772,492.0,0,6.6114,6.5592,99.984737,-122.505175,45.594495,2,6,09:22:52,09:24:00,09:22:52
