vehicle_number,leave_time,train,route_number,direction,stop_time,arrive_time,location_id,estimated_load,train_mileage,pattern_distance,location_distance,x_coordinate,y_coordinate,data_source,schedule_status,leave,stop,arrive
2401,36449,2501,19,1,,36347,931,6,2.4196,2.5613,11.205999,-122.651635,45.71514833333333,2,2,10:07:29,,10:05:47
2401,36607,2501,19,1,,36607,531,6,3.2976,3.402,74.080315,-122.651135,45.70326,2,2,10:10:07,,10:10:07
2401,36619,2501,19,1,,36619,532,6,3.4238,3.5356,66.413348,-122.651925,45.70180166666667,2,2,10:10:19,,10:10:19
2401,36657,2501,19,1,,36635,533,7,3.5226,3.6624,78.080524,-122.65312166666666,45.699725,2,2,10:10:57,,10:10:35
2401,36167,2501,19,1,36060.0,36167,1046,2,1.7753,1.8647,19.114431,-122.651455,45.72517333333333,2,4,10:02:47,10:01:00,10:02:47
2401,36680,2501,19,1,36060.0,36680,534,7,3.7506,3.8649,118.75871,-122.65431833333334,45.697485,2,2,10:11:20,10:01:00,10:11:20
2401,36963,2501,19,1,36780.0,36963,877,0,4.6771,4.7945,38.527316,-122.66400333333333,45.69031833333333,2,6,10:16:03,10:13:00,10:16:03
2401,35892,2501,19,1,35760.0,35892,1044,2,0.0,0.0,196.206821,-122.64102,45.72959,2,5,09:58:12,09:56:00,09:58:12
2401,36495,2501,19,1,35760.0,36495,933,6,2.8881,2.9876,179.554388,-122.64916666666667,45.70867666666667,2,2,10:08:15,09:56:00,10:08:15
