vehicle_number,leave_time,train,route_number,direction,stop_time,arrive_time,location_id,estimated_load,train_mileage,pattern_distance,location_distance,x_coordinate,y_coordinate,data_source,schedule_status,leave,stop,arrive
4038,61347,2502,19,1,,61347,532,4,3.5064,3.5356,138.279969,-122.65183666666668,45.70199,2,2,17:02:27,,17:02:27
4038,61170,2502,19,1,,61170,931,1,2.5526,2.5613,161.679212,-122.65147833333332,45.71469,2,2,16:59:30,,16:59:30
4038,61288,2502,19,1,,61214,933,4,2.9211,2.9876,17.661056,-122.64935166666666,45.70912833333333,2,2,17:01:28,,17:00:14
4038,61335,2502,19,1,,61335,531,4,3.3759,3.402,22.573923,-122.65102166666668,45.703496666666666,2,2,17:02:15,,17:02:15
4038,61316,2502,19,1,,61316,530,4,3.1845,3.2193,70.919675,-122.64958166666666,45.7061,2,2,17:01:56,,17:01:56
4038,61434,2502,19,1,,61434,756,4,4.1079,4.1259,209.905181,-122.65678833333334,45.69313833333333,2,2,17:03:54,,17:03:54
4038,60739,2502,19,1,60840.0,60739,1044,1,0.0,0.0,19.525972,-122.64096,45.7291,2,5,16:52:19,16:54:00,16:52:19
4038,61357,2502,19,1,60840.0,61357,533,4,3.6288,3.6624,123.374024,-122.65317666666668,45.69960666666667,2,2,17:02:37,16:54:00,17:02:37
4038,61378,2502,19,1,60840.0,61378,534,4,3.8426,3.8649,55.147905,-122.65441666666666,45.697325,2,2,17:02:58,16:54:00,17:02:58
