vehicle_number,leave_time,train,route_number,direction,stop_time,arrive_time,location_id,estimated_load,train_mileage,pattern_distance,location_distance,x_coordinate,y_coordinate,data_source,schedule_status,leave,stop,arrive
4015,66814,6501,65,1,66840,66814,0.0,2,2.3848,2.5644,23.279261,-122.54773333333333,45.60310833333333,1,4,18:33:34,18:34:00,18:33:34
4015,66630,6501,65,1,66600,66630,492.0,2,0.0,2.0822,111.600074,-122.50521,45.59451833333333,2,5,18:30:30,18:30:00,18:30:30
4015,66873,6501,65,1,66900,66873,0.0,2,3.0354,3.215,206.275711,-122.5518,45.60364333333333,1,4,18:34:33,18:35:00,18:34:33
