vehicle_number,leave_time,train,route_number,direction,stop_time,arrive_time,location_id,estimated_load,train_mileage,pattern_distance,location_distance,x_coordinate,y_coordinate,data_source,schedule_status,leave,stop,arrive
4012,38797,6501,65,0,38820,38797,0.0,2,3.3436,3.3716,18.600712,-122.5508,45.60053166666667,1,4,10:46:37,10:47:00,10:46:37
4012,38871,6501,65,0,38940,38871,0.0,2,4.1203,4.1445,222.470237,-122.54615666666666,45.60206,1,4,10:47:51,10:49:00,10:47:51
4012,38474,6501,65,0,38400,38474,722.0,2,0.0,0.0,28.186631,-122.56459166666669,45.55871333333333,2,5,10:41:14,10:40:00,10:41:14
4012,38667,6501,65,0,38640,38667,0.0,2,1.5019,1.5043,102.659027,-122.54581166666668,45.5748,1,4,10:44:27,10:44:00,10:44:27
