vehicle_number,leave_time,train,route_number,direction,stop_time,arrive_time,location_id,estimated_load,train_mileage,pattern_distance,location_distance,x_coordinate,y_coordinate,data_source,schedule_status,leave,stop,arrive
4012,38437,6501,65,1,38400,38437,722.0,0,6.901,7.2607,29.624319,-122.564595,45.55871,2,6,10:40:37,10:40:00,10:40:37
4012,37829,6501,65,1,37800,37829,492.0,2,0.0,2.0822,100.996499,-122.50516333333331,45.594501666666666,2,5,10:30:29,10:30:00,10:30:29
4012,38074,6501,65,1,38100,38074,0.0,2,3.0335,3.215,162.243377,-122.55182333333332,45.60351833333333,1,4,10:34:34,10:35:00,10:34:34
