vehicle_number,leave_time,train,route_number,direction,stop_time,arrive_time,location_id,estimated_load,train_mileage,pattern_distance,location_distance,x_coordinate,y_coordinate,data_source,schedule_status,leave,stop,arrive
2404,57984,601,6,1,57960.0,57933,1019,2,1.18,1.2135,12.230633,-122.67265166666668,45.64024,2,4,16:06:24,16:06:00,16:05:33
2404,58007,601,6,1,57960.0,58007,1035,2,1.3347,1.3527,77.181846,-122.67517166666669,45.640238333333336,2,2,16:06:47,16:06:00,16:06:47
2404,58185,601,6,1,58200.0,58185,995,2,2.4706,2.5445,30.251718,-122.69237,45.64552333333334,2,6,16:09:45,16:10:00,16:09:45
2404,57895,601,6,1,58200.0,57895,128,2,0.9476,0.937,120.397121,-122.66736333333333,45.64019,2,2,16:04:55,16:10:00,16:04:55
2404,57632,601,6,1,57600.0,57632,880,2,0.0,0.0,10.864652,-122.65559,45.638275,2,5,16:00:32,16:00:00,16:00:32
