vehicle_number,leave_time,train,route_number,direction,stop_time,arrive_time,location_id,estimated_load,train_mileage,pattern_distance,location_distance,x_coordinate,y_coordinate,data_source,schedule_status,leave,stop,arrive
4004,63376,6001,60,1,63540.0,63376,906,6,0.0,0.0,10.086903,-122.67050166666668,45.626223333333336,2,5,17:36:16,17:39:00,17:36:16
4004,64168,6001,60,1,63540.0,64129,1015,12,2.6408,2.7452,27.111658,-122.68469333333331,45.612316666666665,2,2,17:49:28,17:39:00,17:48:49
4004,64419,6001,60,1,64440.0,64419,832,0,4.1874,4.3782,12.221159,-122.685465,45.59613,2,6,17:53:39,17:54:00,17:53:39
4004,64047,6001,60,1,64020.0,63953,986,10,2.2295,2.2972,88.583461,-122.68130833333332,45.61088,2,4,17:47:27,17:47:00,17:45:53
