vehicle_number,leave_time,train,route_number,direction,stop_time,arrive_time,location_id,estimated_load,train_mileage,pattern_distance,location_distance,x_coordinate,y_coordinate,data_source,schedule_status,leave,stop,arrive
2294,84118,6001,60,1,,84106,908,7,0.1572,0.1877,27.252662,-122.67053,45.62855,2,2,23:21:58,,23:21:46
2294,84885,6001,60,1,84960.0,84885,832,0,4.188,4.3782,53.420779,-122.68546666666668,45.59601166666667,2,6,23:34:45,23:36:00,23:34:45
2294,84585,6001,60,1,84540.0,84585,986,3,2.2624,2.2972,91.937316,-122.68125833333332,45.61085666666666,2,4,23:29:45,23:29:00,23:29:45
2294,84684,6001,60,1,84540.0,84684,1015,3,2.6806,2.7452,140.689268,-122.68441,45.61272833333334,2,2,23:31:24,23:29:00,23:31:24
