vehicle_number,leave_time,train,route_number,direction,stop_time,arrive_time,location_id,estimated_load,train_mileage,pattern_distance,location_distance,x_coordinate,y_coordinate,data_source,schedule_status,leave,stop,arrive
4015,42300,6501,65,0,42420,42300,0.0,7,3.3511,3.3716,112.3167,-122.55074166666668,45.60019666666667,1,4,11:45:00,11:47:00,11:45:00
4015,42367,6501,65,0,42540,42367,0.0,7,4.124,4.1445,216.207443,-122.54613166666668,45.60206333333333,1,4,11:46:07,11:49:00,11:46:07
4015,42464,6501,65,0,42720,42464,0.0,7,5.6986,5.7222,39.786416,-122.514435,45.594523333333335,1,4,11:47:44,11:52:00,11:47:44
4015,42616,6501,65,0,42840,42616,492.0,0,6.6257,6.5592,107.177288,-122.5052,45.59450833333333,2,6,11:50:16,11:54:00,11:50:16
