vehicle_number,leave_time,train,route_number,direction,stop_time,arrive_time,location_id,estimated_load,train_mileage,pattern_distance,location_distance,x_coordinate,y_coordinate,data_source,schedule_status,leave,stop,arrive
2291,41430,6002,60,0,41400.0,41430,832,0,0.0,0.0,167.989095,-122.68552166666667,45.59569666666667,2,5,11:30:30,11:30:00,11:30:30
2291,42174,6002,60,0,42120.0,42174,906,2,4.3471,4.5254,12.169093,-122.67051166666668,45.62621833333333,2,6,11:42:54,11:42:00,11:42:54
2291,41888,6002,60,0,42120.0,41888,1015,2,2.3948,2.465,152.771856,-122.68439,45.61275833333333,2,2,11:38:08,11:42:00,11:38:08
