vehicle_number,leave_time,train,route_number,direction,stop_time,arrive_time,location_id,estimated_load,train_mileage,pattern_distance,location_distance,x_coordinate,y_coordinate,data_source,schedule_status,leave,stop,arrive
4015,30994,6501,65,1,31020,30994,0.0,9,4.723,4.8989,77.468041,-122.54412,45.57935333333333,1,4,08:36:34,08:37:00,08:36:34
4015,30672,6501,65,1,30600,30672,492.0,9,0.0,2.0822,248.955285,-122.50408833333331,45.59405666666667,2,5,08:31:12,08:30:00,08:31:12
4015,30832,6501,65,1,30840,30832,0.0,9,2.3836,2.5644,240.714767,-122.54693166666668,45.60292,1,4,08:33:52,08:34:00,08:33:52
