vehicle_number,leave_time,train,route_number,direction,stop_time,arrive_time,location_id,estimated_load,train_mileage,pattern_distance,location_distance,x_coordinate,y_coordinate,data_source,schedule_status,leave,stop,arrive
4034,47529,6002,60,1,47460.0,47381,1132,13,0.2896,0.3275,10.428864,-122.67040166666666,45.630525,2,4,13:12:09,13:11:00,13:09:41
4034,48269,6002,60,1,48180.0,48269,832,0,4.2036,4.3782,86.0519,-122.68554,45.59592333333333,2,6,13:24:29,13:23:00,13:24:29
4034,47282,6002,60,1,47280.0,47282,906,10,0.0,0.0,17.503747,-122.67051333333332,45.62629833333333,2,5,13:08:02,13:08:00,13:08:02
4034,48016,6002,60,1,47280.0,48006,1015,14,2.6421,2.7452,13.628214,-122.68467166666667,45.61235166666667,2,2,13:20:16,13:08:00,13:20:06
