vehicle_number,leave_time,train,route_number,direction,stop_time,arrive_time,location_id,estimated_load,train_mileage,pattern_distance,location_distance,x_coordinate,y_coordinate,data_source,schedule_status,leave,stop,arrive
2294,61484,6001,60,1,,61459,1015,5,2.6352,2.7452,26.857404,-122.68469833333332,45.61231833333333,2,2,17:04:44,,17:04:19
2294,60669,6001,60,1,60840.0,60669,906,5,0.0,0.0,30.062404,-122.67057166666666,45.626185,2,5,16:51:09,16:54:00,16:51:09
2294,61053,6001,60,1,61020.0,60780,1132,3,0.292,0.3275,34.805639,-122.67049333333334,45.63062833333333,2,4,16:57:33,16:57:00,16:53:00
2294,61362,6001,60,1,61320.0,61345,986,3,2.2233,2.2972,38.905845,-122.68122166666669,45.61100166666667,2,4,17:02:42,17:02:00,17:02:25
