vehicle_number,leave_time,train,route_number,direction,stop_time,arrive_time,location_id,estimated_load,train_mileage,pattern_distance,location_distance,x_coordinate,y_coordinate,data_source,schedule_status,leave,stop,arrive
1298380,51945,6501,65,0,51840,51945,492.0,1,6.6126,6.5592,110.431796,-122.505195,45.59452,2,6,14:25:45,14:24:00,14:25:45
1298380,51796,6501,65,0,51720,51796,0.0,4,5.6955,5.7222,60.923073,-122.51435833333332,45.5945,1,4,14:23:16,14:22:00,14:23:16
1298380,51499,6501,65,0,51240,51499,0.0,4,1.4944,1.5043,62.460942,-122.54609666666668,45.574395,1,4,14:18:19,14:14:00,14:18:19
1298380,51023,6501,65,0,51000,51023,722.0,4,0.0,0.0,21.107477,-122.564575,45.55873,2,5,14:10:23,14:10:00,14:10:23
