vehicle_number,leave_time,train,route_number,direction,stop_time,arrive_time,location_id,estimated_load,train_mileage,pattern_distance,location_distance,x_coordinate,y_coordinate,data_source,schedule_status,leave,stop,arrive
2294,33504,6001,60,0,,33504,918,5,1.6094,1.6317,53.754805,-122.67731333333332,45.61151666666667,2,2,09:18:24,,09:18:24
2294,33604,6001,60,0,33600.0,33573,919,4,1.9461,2.017,14.040963,-122.68117333333332,45.61106166666666,2,4,09:20:04,09:20:00,09:19:33
2294,33330,6001,60,0,33300.0,33330,832,5,0.0,0.0,159.3246,-122.68549833333331,45.59572,2,5,09:15:30,09:15:00,09:15:30
