vehicle_number,leave_time,train,route_number,direction,stop_time,arrive_time,location_id,estimated_load,train_mileage,pattern_distance,location_distance,x_coordinate,y_coordinate,data_source,schedule_status,leave,stop,arrive
2401,50496,2501,19,1,,50496,530,0,3.1646,3.2193,145.569889,-122.64987166666668,45.70554333333333,2,2,14:01:36,,14:01:36
2401,50067,2501,19,1,50040.0,50067,1044,0,0.0,0.0,172.443093,-122.64101166666669,45.729525,2,5,13:54:27,13:54:00,13:54:27
2401,50312,2501,19,1,50340.0,50312,1046,0,1.8206,1.8647,87.765808,-122.65143333333332,45.724985,2,4,13:58:32,13:59:00,13:58:32
2401,50527,2501,19,1,50340.0,50527,532,0,3.4704,3.5356,35.647395,-122.65197166666668,45.70172333333333,2,2,14:02:07,13:59:00,14:02:07
2401,50514,2501,19,1,50340.0,50514,531,0,3.3411,3.402,132.597705,-122.65121833333332,45.70310833333333,2,2,14:01:54,13:59:00,14:01:54
2401,50540,2501,19,1,50340.0,50540,533,0,3.594,3.6624,60.806217,-122.65307666666666,45.69976333333334,2,2,14:02:20,13:59:00,14:02:20
2401,50562,2501,19,1,50340.0,50562,534,0,3.8065,3.8649,10.790159,-122.65450166666666,45.69716,2,2,14:02:42,13:59:00,14:02:42
2401,50759,2501,19,1,51060.0,50759,877,0,4.7162,4.7945,36.694573,-122.66399833333334,45.690313333333336,2,6,14:05:59,14:11:00,14:05:59
2401,50398,2501,19,1,51060.0,50398,931,0,2.5141,2.5613,19.77861,-122.6516,45.71516333333334,2,2,13:59:58,14:11:00,13:59:58
