vehicle_number,leave_time,train,route_number,direction,stop_time,arrive_time,location_id,estimated_load,train_mileage,pattern_distance,location_distance,x_coordinate,y_coordinate,data_source,schedule_status,leave,stop,arrive
1298380,63706,6501,65,0,63600,63706,722.0,6,0.0,0.0,18.640165,-122.56456666666666,45.558733333333336,2,5,17:41:46,17:40:00,17:41:46
1298380,64127,6501,65,0,64140,64127,0.0,6,4.1091,4.1445,260.340982,-122.54629833333334,45.60209166666667,1,4,17:48:47,17:49:00,17:48:47
1298380,63941,6501,65,0,63840,63941,0.0,6,1.5062,1.5043,198.186844,-122.54634833333331,45.57406833333334,1,4,17:45:41,17:44:00,17:45:41
1298380,64222,6501,65,0,64320,64222,0.0,6,5.693,5.7222,189.60615,-122.51525333333332,45.59475666666667,1,4,17:50:22,17:52:00,17:50:22
