vehicle_number,leave_time,train,route_number,direction,stop_time,arrive_time,location_id,estimated_load,train_mileage,pattern_distance,location_distance,x_coordinate,y_coordinate,data_source,schedule_status,leave,stop,arrive
4004,32154,6001,60,1,32220.0,32154,906,2,0.0,0.0,3.854501,-122.670495,45.626241666666665,2,5,08:55:54,08:57:00,08:55:54
4004,32651,6001,60,1,32820.0,32651,832,0,3.2286,3.3287,65.751599,-122.68549666666668,45.595976666666665,2,6,09:04:11,09:07:00,09:04:11
