vehicle_number,leave_time,train,route_number,direction,stop_time,arrive_time,location_id,estimated_load,train_mileage,pattern_distance,location_distance,x_coordinate,y_coordinate,data_source,schedule_status,leave,stop,arrive
4015,46818,6501,65,1,46800,46818,492.0,5,0.0,2.0822,108.960225,-122.50517,45.594523333333335,2,5,13:00:18,13:00:00,13:00:18
4015,47399,6501,65,1,47400,47399,722.0,2,6.9053,7.2607,26.021529,-122.56458833333332,45.55872,2,6,13:09:59,13:10:00,13:09:59
4015,47051,6501,65,1,47100,47051,0.0,5,3.0143,3.215,264.052506,-122.551815,45.60380166666667,1,4,13:04:11,13:05:00,13:04:11
