vehicle_number,leave_time,train,route_number,direction,stop_time,arrive_time,location_id,estimated_load,train_mileage,pattern_distance,location_distance,x_coordinate,y_coordinate,data_source,schedule_status,leave,stop,arrive
4034,73967,6002,60,1,,73967,1015,4,2.67,2.7452,147.676231,-122.68436833333334,45.61273333333333,2,2,20:32:47,,20:32:47
4034,73344,6002,60,1,,73332,908,4,0.1597,0.1877,27.108778,-122.67045833333331,45.62858333333333,2,2,20:22:24,,20:22:12
4034,74175,6002,60,1,74160.0,74175,832,0,4.193,4.3782,73.1685,-122.68551,45.595956666666666,2,6,20:36:15,20:36:00,20:36:15
4034,73281,6002,60,1,73320.0,73281,906,4,0.0,0.0,10.240449,-122.67046666666668,45.62623833333333,2,5,20:21:21,20:22:00,20:21:21
