vehicle_number,leave_time,train,route_number,direction,stop_time,arrive_time,location_id,estimated_load,train_mileage,pattern_distance,location_distance,x_coordinate,y_coordinate,data_source,schedule_status,leave,stop,arrive
1298380,48798,6501,65,1,48840,48798,0.0,3,2.3904,2.5644,112.169782,-122.54740833333334,45.60302333333333,1,4,13:33:18,13:34:00,13:33:18
1298380,48856,6501,65,1,48900,48856,0.0,3,3.0093,3.215,24.688768,-122.55172833333332,45.60314666666667,1,4,13:34:16,13:35:00,13:34:16
1298380,48610,6501,65,1,48600,48610,492.0,3,0.0,2.0822,110.066949,-122.50519166666666,45.59452,2,5,13:30:10,13:30:00,13:30:10
