vehicle_number,leave_time,train,route_number,direction,stop_time,arrive_time,location_id,estimated_load,train_mileage,pattern_distance,location_distance,x_coordinate,y_coordinate,data_source,schedule_status,leave,stop,arrive
2294,27044,6001,60,1,26820.0,27044,906,6,0.0,0.0,545.669754,-122.67058166666666,45.62774666666667,2,5,07:30:44,07:27:00,07:30:44
2294,27249,6001,60,1,27000.0,27178,1132,3,0.1765,0.3275,23.486928,-122.67040833333331,45.630605,2,4,07:34:09,07:30:00,07:32:58
