vehicle_number,leave_time,train,route_number,direction,stop_time,arrive_time,location_id,estimated_load,train_mileage,pattern_distance,location_distance,x_coordinate,y_coordinate,data_source,schedule_status,leave,stop,arrive
4004,33303,6001,60,0,33300.0,33303,832,5,0.0,0.0,112.028184,-122.68551166666668,45.59585,2,5,09:15:03,09:15:00,09:15:03
4004,33755,6001,60,0,33300.0,33755,1015,1,2.3997,2.465,110.372245,-122.684445,45.61264666666667,2,2,09:22:35,09:15:00,09:22:35
4004,34052,6001,60,0,34020.0,34052,906,1,4.4733,4.5254,519.632824,-122.67058833333331,45.627675,2,6,09:27:32,09:27:00,09:27:32
