vehicle_number,leave_time,train,route_number,direction,stop_time,arrive_time,location_id,estimated_load,train_mileage,pattern_distance,location_distance,x_coordinate,y_coordinate,data_source,schedule_status,leave,stop,arrive
2291,38570,6002,60,1,38520.0,38570,906,1,0.0,0.0,611.280873,-122.670585,45.62792666666667,2,5,10:42:50,10:42:00,10:42:50
2291,38601,6002,60,1,38520.0,38580,908,1,0.0217,0.1877,39.349891,-122.67053166666666,45.62842333333333,2,2,10:43:21,10:42:00,10:43:00
