vehicle_number,leave_time,train,route_number,direction,stop_time,arrive_time,location_id,estimated_load,train_mileage,pattern_distance,location_distance,x_coordinate,y_coordinate,data_source,schedule_status,leave,stop,arrive
2404,43593,601,6,1,,43593,1035,3,1.3391,1.3527,32.384009,-122.67535,45.640233333333335,2,2,12:06:33,,12:06:33
2404,43775,601,6,1,43800.0,43775,995,2,2.4755,2.5445,32.650598,-122.69237166666667,45.645516666666666,2,6,12:09:35,12:10:00,12:09:35
2404,43253,601,6,1,43200.0,43253,880,3,0.0,0.0,19.100751,-122.65559833333332,45.638313333333336,2,5,12:00:53,12:00:00,12:00:53
2404,43566,601,6,1,43560.0,43527,1019,3,1.1818,1.2135,9.966442,-122.67263166666666,45.64023,2,4,12:06:06,12:06:00,12:05:27
2404,43458,601,6,1,43560.0,43458,128,3,0.9526,0.937,91.631065,-122.66725,45.640185,2,2,12:04:18,12:06:00,12:04:18
