vehicle_number,leave_time,train,route_number,direction,stop_time,arrive_time,location_id,estimated_load,train_mileage,pattern_distance,location_distance,x_coordinate,y_coordinate,data_source,schedule_status,leave,stop,arrive
4015,44011,6501,65,0,44040,44011,0.0,5,1.5087,1.5043,57.03311,-122.54606833333334,45.57440166666667,1,4,12:13:31,12:14:00,12:13:31
4015,44128,6501,65,0,44220,44128,0.0,5,3.3461,3.3716,238.866279,-122.55066333333332,45.599853333333336,1,4,12:15:28,12:17:00,12:15:28
4015,45027,6501,65,0,44640,45027,492.0,1,6.6568,6.5592,117.647381,-122.50455833333334,45.59423833333334,2,6,12:30:27,12:24:00,12:30:27
4015,43822,6501,65,0,43800,43822,722.0,5,0.0,0.0,25.316503,-122.56458666666668,45.55872166666666,2,5,12:10:22,12:10:00,12:10:22
