vehicle_number,leave_time,train,route_number,direction,stop_time,arrive_time,location_id,estimated_load,train_mileage,pattern_distance,location_distance,x_coordinate,y_coordinate,data_source,schedule_status,leave,stop,arrive
4015,57125,6501,65,0,57240,57125,492.0,0,6.6201,6.5592,118.133894,-122.50521,45.59453833333333,2,6,15:52:05,15:54:00,15:52:05
4015,56450,6501,65,0,56400,56450,722.0,10,0.0,0.0,13.346135,-122.56455833333334,45.55875833333333,2,5,15:40:50,15:40:00,15:40:50
4015,56864,6501,65,0,56940,56864,0.0,10,4.1184,4.1445,304.302562,-122.54646833333334,45.6021,1,4,15:47:44,15:49:00,15:47:44
4015,56798,6501,65,0,56820,56798,0.0,10,3.3436,3.3716,265.343426,-122.55065833333332,45.59978,1,4,15:46:38,15:47:00,15:46:38
