vehicle_number,leave_time,train,route_number,direction,stop_time,arrive_time,location_id,estimated_load,train_mileage,pattern_distance,location_distance,x_coordinate,y_coordinate,data_source,schedule_status,leave,stop,arrive
4004,50471,6001,60,1,50460.0,50429,986,7,2.0965,2.2972,56.52689,-122.68124666666668,45.61095666666667,2,4,14:01:11,14:01:00,14:00:29
4004,49955,6001,60,1,50460.0,49879,908,7,0.0261,0.1877,26.428238,-122.67049833333331,45.62857,2,2,13:52:35,14:01:00,13:51:19
4004,50883,6001,60,1,50880.0,50883,832,0,4.0532,4.3782,15.25553,-122.685455,45.596125,2,6,14:08:03,14:08:00,14:08:03
4004,50170,6001,60,1,50160.0,49985,1132,8,0.1591,0.3275,9.260422,-122.67042,45.63056666666667,2,4,13:56:10,13:56:00,13:53:05
