vehicle_number,leave_time,train,route_number,direction,stop_time,arrive_time,location_id,estimated_load,train_mileage,pattern_distance,location_distance,x_coordinate,y_coordinate,data_source,schedule_status,leave,stop,arrive
4038,46761,2502,19,1,46740.0,46733,1046,3,1.733,1.8647,17.924143,-122.65146833333333,45.725175,2,4,12:59:21,12:59:00,12:58:53
4038,46938,2502,19,1,46740.0,46938,931,3,2.4706,2.5613,215.282065,-122.65143166666668,45.71454666666666,2,2,13:02:18,12:59:00,13:02:18
4038,46975,2502,19,1,46740.0,46975,933,3,2.8975,2.9876,28.070086,-122.64929,45.70908333333333,2,2,13:02:55,12:59:00,13:02:55
4038,46995,2502,19,1,46740.0,46995,530,3,3.123,3.2193,27.508953,-122.649725,45.70585,2,2,13:03:15,12:59:00,13:03:15
4038,46487,2502,19,1,46440.0,46487,1044,3,0.0,0.0,207.592424,-122.64099833333331,45.729623333333336,2,5,12:54:47,12:54:00,12:54:47
4038,47019,2502,19,1,46440.0,47019,532,3,3.3995,3.5356,81.17687,-122.651915,45.701843333333336,2,2,13:03:39,12:54:00,13:03:39
4038,47062,2502,19,1,46440.0,47062,534,3,3.7394,3.8649,86.114703,-122.65460833333331,45.696963333333336,2,2,13:04:22,12:54:00,13:04:22
4038,47124,2502,19,1,46440.0,47124,756,3,4.0035,4.1259,105.864651,-122.656595,45.69339,2,2,13:05:24,12:54:00,13:05:24
4038,47010,2502,19,1,46440.0,47010,531,3,3.3001,3.402,13.457981,-122.65104166666669,45.703455,2,2,13:03:30,12:54:00,13:03:30
