vehicle_number,leave_time,train,route_number,direction,stop_time,arrive_time,location_id,estimated_load,train_mileage,pattern_distance,location_distance,x_coordinate,y_coordinate,data_source,schedule_status,leave,stop,arrive
1298380,65496,6501,65,0,65400,65496,722.0,4,0.0,0.0,21.802692,-122.564575,45.558726666666665,2,5,18:11:36,18:10:00,18:11:36
1298380,65736,6501,65,0,65640,65736,0.0,4,1.5012,1.5043,160.832784,-122.546275,45.57415666666667,1,4,18:15:36,18:14:00,18:15:36
1298380,66144,6501,65,0,66240,66144,492.0,0,6.5188,6.5592,174.553923,-122.505585,45.5945,2,6,18:22:24,18:24:00,18:22:24
1298380,66020,6501,65,0,66120,66020,0.0,4,5.688,5.7222,142.834019,-122.51508333333334,45.59471166666667,1,4,18:20:20,18:22:00,18:20:20
