vehicle_number,leave_time,train,route_number,direction,stop_time,arrive_time,location_id,estimated_load,train_mileage,pattern_distance,location_distance,x_coordinate,y_coordinate,data_source,schedule_status,leave,stop,arrive
1298380,50598,6501,65,1,50640,50598,0.0,5,2.3861,2.5644,190.993368,-122.54711666666668,45.60295833333333,1,4,14:03:18,14:04:00,14:03:18
1298380,50764,6501,65,1,50820,50764,0.0,5,4.715,4.8989,176.756706,-122.54399,45.58004,1,4,14:06:04,14:07:00,14:06:04
1298380,50656,6501,65,1,50700,50656,0.0,5,3.036,3.215,19.196539,-122.55171166666666,45.60303,1,4,14:04:16,14:05:00,14:04:16
