vehicle_number,leave_time,train,route_number,direction,stop_time,arrive_time,location_id,estimated_load,train_mileage,pattern_distance,location_distance,x_coordinate,y_coordinate,data_source,schedule_status,leave,stop,arrive
4012,40572,6501,65,0,40440,40572,0.0,3,1.5043,1.5043,87.771557,-122.54614166666668,45.574333333333335,1,4,11:16:12,11:14:00,11:16:12
4012,40865,6501,65,0,40920,40865,0.0,3,5.6893,5.7222,84.137842,-122.51427,45.59448833333333,1,4,11:21:05,11:22:00,11:21:05
4012,41019,6501,65,0,41040,41019,492.0,0,6.5934,6.5592,192.369475,-122.505505,45.59464166666667,2,6,11:23:39,11:24:00,11:23:39
4012,40699,6501,65,0,40620,40699,0.0,3,3.3405,3.3716,296.518028,-122.55064333333334,45.599695,1,4,11:18:19,11:17:00,11:18:19
