vehicle_number,leave_time,train,route_number,direction,stop_time,arrive_time,location_id,estimated_load,train_mileage,pattern_distance,location_distance,x_coordinate,y_coordinate,data_source,schedule_status,leave,stop,arrive
2294,51017,6001,60,1,,50976,908,5,0.0286,0.1877,26.622185,-122.67053,45.628546666666665,2,2,14:10:17,,14:09:36
2294,51247,6001,60,1,50160.0,51052,1132,8,0.1609,0.3275,16.287936,-122.67043166666669,45.630498333333335,2,4,14:14:07,13:56:00,14:10:52
2294,51619,6001,60,1,50160.0,51607,1015,6,2.5035,2.7452,30.277081,-122.68471166666669,45.61231166666666,2,2,14:20:19,13:56:00,14:20:07
2294,50964,6001,60,1,49980.0,50964,906,3,0.0,0.0,640.38752,-122.67058,45.62800666666666,2,5,14:09:24,13:53:00,14:09:24
