vehicle_number,leave_time,train,route_number,direction,stop_time,arrive_time,location_id,estimated_load,train_mileage,pattern_distance,location_distance,x_coordinate,y_coordinate,data_source,schedule_status,leave,stop,arrive
1298380,61504,6501,65,1,61500,61504,0.0,6,3.0354,3.215,37.833446,-122.55170666666666,45.60297833333333,1,4,17:05:04,17:05:00,17:05:04
1298380,61615,6501,65,1,61620,61615,0.0,6,4.7199,4.8989,43.960358,-122.54410166666666,45.57944666666667,1,4,17:06:55,17:07:00,17:06:55
1298380,61250,6501,65,1,61200,61250,492.0,6,0.0,2.0822,102.0226,-122.50518833333334,45.59449666666666,2,5,17:00:50,17:00:00,17:00:50
