vehicle_number,leave_time,train,route_number,direction,stop_time,arrive_time,location_id,estimated_load,train_mileage,pattern_distance,location_distance,x_coordinate,y_coordinate,data_source,schedule_status,leave,stop,arrive
2901,65169,601,6,1,65160.0,65133,1019,2,1.1763,1.2135,7.293025,-122.67262666666667,45.64023666666667,2,4,18:06:09,18:06:00,18:05:33
2901,65050,601,6,1,65160.0,65050,128,2,0.9451,0.937,67.33319,-122.66715666666668,45.640193333333336,2,2,18:04:10,18:06:00,18:04:10
2901,64815,601,6,1,64800.0,64815,880,2,0.0,0.0,52.086307,-122.65559833333332,45.63813666666667,2,5,18:00:15,18:00:00,18:00:15
2901,65259,601,6,1,64800.0,65234,1036,3,1.5348,1.5801,29.830593,-122.680275,45.64031166666667,2,2,18:07:39,18:00:00,18:07:14
2901,65421,601,6,1,64800.0,65356,3,5,2.1878,2.2605,7.68559,-122.69249833333332,45.64147833333333,2,2,18:10:21,18:00:00,18:09:16
