vehicle_number,leave_time,train,route_number,direction,stop_time,arrive_time,location_id,estimated_load,train_mileage,pattern_distance,location_distance,x_coordinate,y_coordinate,data_source,schedule_status,leave,stop,arrive
2294,76948,6001,60,1,,76934,908,0,0.1572,0.1877,23.76803,-122.67051166666668,45.62855166666667,2,2,21:22:28,,21:22:14
2294,77484,6001,60,1,,77456,1015,2,2.634,2.7452,2.533135,-122.68466333333332,45.61238333333333,2,2,21:31:24,,21:30:56
2294,76877,6001,60,1,76920.0,76877,906,1,0.0,0.0,6.966157,-122.67052666666666,45.626243333333335,2,5,21:21:17,21:22:00,21:21:17
2294,77104,6001,60,1,77100.0,76994,1132,2,0.2896,0.3275,2.494473,-122.67044166666666,45.63054,2,4,21:25:04,21:25:00,21:23:14
