vehicle_number,leave_time,train,route_number,direction,stop_time,arrive_time,location_id,estimated_load,train_mileage,pattern_distance,location_distance,x_coordinate,y_coordinate,data_source,schedule_status,leave,stop,arrive
2404,61587,601,6,1,,61587,1035,3,1.3297,1.3527,57.702188,-122.67524666666668,45.64024333333333,2,2,17:06:27,,17:06:27
2404,61634,601,6,1,,61622,1036,4,1.5348,1.5801,8.575193,-122.68012833333331,45.64032,2,2,17:07:14,,17:07:02
2404,61552,601,6,1,61560.0,61448,1019,3,1.175,1.2135,9.557923,-122.67257166666668,45.64024333333333,2,4,17:05:52,17:06:00,17:04:08
2404,61745,601,6,1,61560.0,61721,3,5,2.1959,2.2605,99.067843,-122.69252166666666,45.641731666666665,2,2,17:09:05,17:06:00,17:08:41
2404,61409,601,6,1,61560.0,61409,128,1,0.942,0.937,24.798346,-122.66690333333334,45.64016,2,2,17:03:29,17:06:00,17:03:29
