vehicle_number,leave_time,train,route_number,direction,stop_time,arrive_time,location_id,estimated_load,train_mileage,pattern_distance,location_distance,x_coordinate,y_coordinate,data_source,schedule_status,leave,stop,arrive
6009,66637,5005,50,0,66360.0,66637,1095,0,1.5161,6.0031,85.703307,-122.584355,45.656281666666665,2,6,18:30:37,18:26:00,18:30:37
6009,66165,5005,50,0,65940.0,66165,1128,0,0.0,4.3794,33.22557,-122.59945,45.644935,2,4,18:22:45,18:19:00,18:22:45
6009,66328,5005,50,0,65940.0,66314,1130,0,0.7693,5.1561,58.158246,-122.58508333333332,45.650095,2,2,18:25:28,18:19:00,18:25:14
