vehicle_number,leave_time,train,route_number,direction,stop_time,arrive_time,location_id,estimated_load,train_mileage,pattern_distance,location_distance,x_coordinate,y_coordinate,data_source,schedule_status,leave,stop,arrive
4015,52374,6501,65,1,52440,52374,0.0,3,2.3892,2.5644,238.070139,-122.54693666666668,45.60293166666666,1,4,14:32:54,14:34:00,14:32:54
4015,52430,6501,65,1,52500,52430,0.0,3,3.036,3.215,219.151346,-122.55180666666666,45.603678333333335,1,4,14:33:50,14:35:00,14:33:50
4015,52202,6501,65,1,52200,52202,492.0,3,0.0,2.0822,109.781946,-122.50517833333332,45.594523333333335,2,5,14:30:02,14:30:00,14:30:02
