vehicle_number,leave_time,train,route_number,direction,stop_time,arrive_time,location_id,estimated_load,train_mileage,pattern_distance,location_distance,x_coordinate,y_coordinate,data_source,schedule_status,leave,stop,arrive
2294,75090,6001,60,1,75120.0,75090,906,8,0.0,0.0,14.237654,-122.67052333333334,45.626215,2,5,20:51:30,20:52:00,20:51:30
2294,75303,6001,60,1,75300.0,75208,1132,2,0.2908,0.3275,1.064849,-122.67043,45.630545,2,4,20:55:03,20:55:00,20:53:28
2294,75708,6001,60,1,75300.0,75695,1015,3,2.6328,2.7452,29.896857,-122.6847,45.61231,2,2,21:01:48,20:55:00,21:01:35
2294,75165,6001,60,1,75300.0,75148,908,7,0.1578,0.1877,20.183482,-122.670505,45.62854166666666,2,2,20:52:45,20:55:00,20:52:28
