vehicle_number,leave_time,train,route_number,direction,stop_time,arrive_time,location_id,estimated_load,train_mileage,pattern_distance,location_distance,x_coordinate,y_coordinate,data_source,schedule_status,leave,stop,arrive
2901,40008,601,6,1,,40008,1035,10,1.3347,1.3527,54.351412,-122.67525833333332,45.64025333333333,2,2,11:06:48,,11:06:48
2901,40164,601,6,1,40200.0,40164,995,10,2.4774,2.5445,10.338077,-122.69235166666668,45.64558,2,6,11:09:24,11:10:00,11:09:24
2901,39818,601,6,1,40200.0,39818,128,10,0.9482,0.937,54.407738,-122.66709166666666,45.640165,2,2,11:03:38,11:10:00,11:03:38
2901,40041,601,6,1,40200.0,40041,1036,10,1.5801,1.5801,117.215435,-122.68061333333333,45.640305,2,2,11:07:21,11:10:00,11:07:21
2901,40126,601,6,1,40200.0,40126,3,10,2.2363,2.2605,114.867879,-122.69250333333332,45.641775,2,2,11:08:46,11:10:00,11:08:46
