vehicle_number,leave_time,train,route_number,direction,stop_time,arrive_time,location_id,estimated_load,train_mileage,pattern_distance,location_distance,x_coordinate,y_coordinate,data_source,schedule_status,leave,stop,arrive
2901,38058,601,6,0,,38058,613,5,2.0822,2.0959,128.243832,-122.64343166666669,45.621811666666666,2,2,10:34:18,,10:34:18
2901,37607,601,6,0,,37607,819,5,0.279,0.2827,95.218145,-122.65360833333334,45.63899333333333,2,2,10:26:47,,10:26:47
2901,37517,601,6,0,37500.0,37517,880,5,0.0,0.0,95.737565,-122.65566833333334,45.63802666666667,2,5,10:25:17,10:25:00,10:25:17
2901,38008,601,6,0,37500.0,37988,612,5,1.7287,1.7827,47.487716,-122.64067833333333,45.62489166666667,2,2,10:33:28,10:25:00,10:33:08
2901,37652,601,6,0,37500.0,37627,126,6,0.3821,0.412,24.881801,-122.65139333333332,45.638711666666666,2,2,10:27:32,10:25:00,10:27:07
2901,37738,601,6,0,37500.0,37722,123,5,0.5835,0.6145,10.440785,-122.64712833333331,45.63836333333333,2,2,10:28:58,10:25:00,10:28:42
2901,37854,601,6,0,37860.0,37854,1023,4,1.2409,1.2533,66.469058,-122.64081833333331,45.632493333333336,2,4,10:30:54,10:31:00,10:30:54
2901,37874,601,6,0,37860.0,37874,610,4,1.418,1.4242,61.525608,-122.64071666666666,45.63003333333333,2,2,10:31:14,10:31:00,10:31:14
2901,37967,601,6,0,37860.0,37967,611,4,1.6249,1.6286,202.186373,-122.64066166666667,45.62668666666666,2,2,10:32:47,10:31:00,10:32:47
2901,38091,601,6,0,37860.0,38074,699,2,2.1611,2.222,4.848844,-122.64351,45.62032333333333,2,2,10:34:51,10:31:00,10:34:34
2901,37823,601,6,0,37860.0,37803,1038,4,0.9488,0.9979,31.197265,-122.641905,45.636156666666665,2,2,10:30:23,10:31:00,10:30:03
