vehicle_number,leave_time,train,route_number,direction,stop_time,arrive_time,location_id,estimated_load,train_mileage,pattern_distance,location_distance,x_coordinate,y_coordinate,data_source,schedule_status,leave,stop,arrive
4015,60315,6501,65,0,60240,60315,0.0,7,1.5124,1.5043,68.572856,-122.54587166666668,45.57471666666667,1,4,16:45:15,16:44:00,16:45:15
4015,60432,6501,65,0,60420,60432,0.0,7,3.343,3.3716,207.980402,-122.550685,45.599936666666665,1,4,16:47:12,16:47:00,16:47:12
4015,60589,6501,65,0,60720,60589,0.0,7,5.6967,5.7222,303.075239,-122.51566833333334,45.59486,1,4,16:49:49,16:52:00,16:49:49
4015,60496,6501,65,0,60540,60496,0.0,7,4.1153,4.1445,99.994128,-122.54568333333332,45.602035,1,4,16:48:16,16:49:00,16:48:16
