vehicle_number,leave_time,train,route_number,direction,stop_time,arrive_time,location_id,estimated_load,train_mileage,pattern_distance,location_distance,x_coordinate,y_coordinate,data_source,schedule_status,leave,stop,arrive
1298380,45195,6501,65,1,45240,45195,0.0,3,2.3792,2.5644,327.077996,-122.54662,45.602835,1,4,12:33:15,12:34:00,12:33:15
1298380,45589,6501,65,1,45600,45589,722.0,2,6.9065,7.2607,24.96848,-122.56458666666668,45.55872333333333,2,6,12:39:49,12:40:00,12:39:49
1298380,45005,6501,65,1,45000,45005,492.0,3,0.0,2.0822,108.906039,-122.50521,45.59451,2,5,12:30:05,12:30:00,12:30:05
