vehicle_number,leave_time,train,route_number,direction,stop_time,arrive_time,location_id,estimated_load,train_mileage,pattern_distance,location_distance,x_coordinate,y_coordinate,data_source,schedule_status,leave,stop,arrive
4004,41229,6001,60,1,41220.0,41229,906,4,0.0,0.0,577.144953,-122.67057,45.627833333333335,2,5,11:27:09,11:27:00,11:27:09
4004,41264,6001,60,1,41220.0,41241,908,4,0.0441,0.1877,21.841145,-122.67050166666668,45.62855166666667,2,2,11:27:44,11:27:00,11:27:21
