vehicle_number,leave_time,train,route_number,direction,stop_time,arrive_time,location_id,estimated_load,train_mileage,pattern_distance,location_distance,x_coordinate,y_coordinate,data_source,schedule_status,leave,stop,arrive
1298380,59639,6501,65,1,59640,59639,0.0,4,2.3848,2.5644,83.572163,-122.54751833333331,45.60304166666667,1,4,16:33:59,16:34:00,16:33:59
1298380,59445,6501,65,1,59400,59445,492.0,4,0.0,2.0822,113.575317,-122.50520833333331,45.594525,2,5,16:30:45,16:30:00,16:30:45
1298380,60047,6501,65,1,60000,60047,722.0,3,6.9059,7.2607,20.74802,-122.56457166666668,45.558728333333335,2,6,16:40:47,16:40:00,16:40:47
