vehicle_number,leave_time,train,route_number,direction,stop_time,arrive_time,location_id,estimated_load,train_mileage,pattern_distance,location_distance,x_coordinate,y_coordinate,data_source,schedule_status,leave,stop,arrive
1298380,47073,6501,65,1,47040,47073,0.0,7,2.3867,2.5644,188.339119,-122.54713333333332,45.60294833333333,1,4,13:04:33,13:04:00,13:04:33
1298380,46883,6501,65,1,46800,46883,492.0,7,0.0,2.0822,111.015422,-122.505205,45.59451833333333,2,5,13:01:23,13:00:00,13:01:23
1298380,47128,6501,65,1,47100,47128,0.0,7,3.036,3.215,61.174038,-122.551765,45.60324333333333,1,4,13:05:28,13:05:00,13:05:28
