vehicle_number,leave_time,train,route_number,direction,stop_time,arrive_time,location_id,estimated_load,train_mileage,pattern_distance,location_distance,x_coordinate,y_coordinate,data_source,schedule_status,leave,stop,arrive
1298380,52205,6501,65,1,52200,52205,492.0,3,0.0,2.0822,110.431796,-122.505195,45.59452,2,5,14:30:05,14:30:00,14:30:05
1298380,52445,6501,65,1,52500,52445,0.0,3,3.0074,3.215,72.288528,-122.55177333333332,45.60327333333333,1,4,14:34:05,14:35:00,14:34:05
1298380,52559,6501,65,1,52620,52559,0.0,3,4.6926,4.8989,276.208972,-122.54395333333332,45.58031166666667,1,4,14:35:59,14:37:00,14:35:59
