vehicle_number,leave_time,train,route_number,direction,stop_time,arrive_time,location_id,estimated_load,train_mileage,pattern_distance,location_distance,x_coordinate,y_coordinate,data_source,schedule_status,leave,stop,arrive
1298380,54004,6501,65,1,54000,54004,492.0,5,0.0,2.0822,101.642639,-122.505175,45.5945,2,5,15:00:04,15:00:00,15:00:04
1298380,54252,6501,65,1,54300,54252,0.0,5,3.0354,3.215,121.938398,-122.55180333333334,45.60340833333333,1,4,15:04:12,15:05:00,15:04:12
1298380,54369,6501,65,1,54420,54369,0.0,5,4.7193,4.8989,133.989387,-122.54401333333334,45.57992333333333,1,4,15:06:09,15:07:00,15:06:09
