vehicle_number,leave_time,train,route_number,direction,stop_time,arrive_time,location_id,estimated_load,train_mileage,pattern_distance,location_distance,x_coordinate,y_coordinate,data_source,schedule_status,leave,stop,arrive
4015,38238,6501,65,1,38220,38238,0.0,3,4.7193,4.8989,64.276131,-122.54412,45.579391666666666,1,4,10:37:18,10:37:00,10:37:18
4015,38077,6501,65,1,38040,38077,0.0,3,2.3917,2.5644,30.100278,-122.54792166666668,45.603155,1,4,10:34:37,10:34:00,10:34:37
4015,38134,6501,65,1,38100,38134,0.0,3,3.0373,3.215,73.957084,-122.551735,45.60328333333333,1,4,10:35:34,10:35:00,10:35:34
