vehicle_number,leave_time,train,route_number,direction,stop_time,arrive_time,location_id,estimated_load,train_mileage,pattern_distance,location_distance,x_coordinate,y_coordinate,data_source,schedule_status,leave,stop,arrive
2288,41392,2501,19,1,41220.0,41392,1044,2,0.0,0.0,172.237358,-122.64102166666666,45.72952333333333,2,5,11:29:52,11:27:00,11:29:52
2288,41844,2501,19,1,41220.0,41806,931,4,2.4209,2.5613,12.368774,-122.651615,45.71509,2,2,11:37:24,11:27:00,11:36:46
2288,42171,2501,19,1,41220.0,42171,756,5,4.0284,4.1259,680.714285,-122.658475,45.694851666666665,2,2,11:42:51,11:27:00,11:42:51
2288,41994,2501,19,1,41220.0,41994,530,4,3.1187,3.2193,193.862422,-122.64994666666666,45.705421666666666,2,2,11:39:54,11:27:00,11:39:54
2288,41920,2501,19,1,41220.0,41920,933,4,2.8844,2.9876,77.145747,-122.64926333333334,45.70895,2,2,11:38:40,11:27:00,11:38:40
2288,42032,2501,19,1,41220.0,42032,531,4,3.2964,3.402,22.298802,-122.65105833333334,45.703405,2,2,11:40:32,11:27:00,11:40:32
2288,42111,2501,19,1,41220.0,42111,534,5,3.7481,3.8649,28.223338,-122.654515,45.697111666666665,2,2,11:41:51,11:27:00,11:41:51
2288,42086,2501,19,1,41220.0,42063,533,5,3.5219,3.6624,68.731542,-122.65310666666667,45.69974833333333,2,2,11:41:26,11:27:00,11:41:03
2288,42045,2501,19,1,41220.0,42045,532,4,3.4256,3.5356,66.159955,-122.65210833333332,45.701465,2,2,11:40:45,11:27:00,11:40:45
