vehicle_number,leave_time,train,route_number,direction,stop_time,arrive_time,location_id,estimated_load,train_mileage,pattern_distance,location_distance,x_coordinate,y_coordinate,data_source,schedule_status,leave,stop,arrive
2291,32814,6002,60,0,,32814,1015,1,2.3966,2.465,108.912521,-122.68446,45.61264833333333,2,2,09:06:54,,09:06:54
2291,32427,6002,60,0,32400.0,32427,832,1,0.0,0.0,150.954225,-122.68551833333332,45.59574333333333,2,5,09:00:27,09:00:00,09:00:27
2291,32619,6002,60,0,32400.0,32619,918,1,1.6112,1.6317,141.105316,-122.67721666666668,45.61175333333333,2,2,09:03:39,09:00:00,09:03:39
