vehicle_number,leave_time,train,route_number,direction,stop_time,arrive_time,location_id,estimated_load,train_mileage,pattern_distance,location_distance,x_coordinate,y_coordinate,data_source,schedule_status,leave,stop,arrive
4004,43084,6001,60,0,43020.0,43084,906,4,4.3508,4.5254,8.279197,-122.67053,45.62624,2,6,11:58:04,11:57:00,11:58:04
4004,42330,6001,60,0,42300.0,42330,832,6,0.0,0.0,96.127276,-122.685495,45.595893333333336,2,5,11:45:30,11:45:00,11:45:30
4004,42533,6001,60,0,42300.0,42533,918,6,1.6081,1.6317,116.60432,-122.67724833333334,45.61168833333333,2,2,11:48:53,11:45:00,11:48:53
