vehicle_number,leave_time,train,route_number,direction,stop_time,arrive_time,location_id,estimated_load,train_mileage,pattern_distance,location_distance,x_coordinate,y_coordinate,data_source,schedule_status,leave,stop,arrive
4012,31266,6501,65,0,31200,31266,722.0,5,0.0,0.0,3.618817,-122.56452,45.55875833333333,2,5,08:41:06,08:40:00,08:41:06
4012,32030,6501,65,0,32040,32030,492.0,0,6.6164,6.5592,97.599344,-122.50517333333332,45.59448833333333,2,6,08:53:50,08:54:00,08:53:50
4012,31532,6501,65,0,31440,31532,0.0,5,1.4963,1.5043,76.554161,-122.54612,45.57436,1,4,08:45:32,08:44:00,08:45:32
4012,31742,6501,65,0,31740,31742,0.0,5,4.1184,4.1445,50.755454,-122.54549666666666,45.60200833333333,1,4,08:49:02,08:49:00,08:49:02
