vehicle_number,leave_time,train,route_number,direction,stop_time,arrive_time,location_id,estimated_load,train_mileage,pattern_distance,location_distance,x_coordinate,y_coordinate,data_source,schedule_status,leave,stop,arrive
1298380,58864,6501,65,0,58740,58864,0.0,5,4.1104,4.1445,27.780072,-122.54519666666668,45.601996666666665,1,4,16:21:04,16:19:00,16:21:04
1298380,59138,6501,65,0,59040,59138,492.0,0,6.6157,6.5592,113.575317,-122.50520833333331,45.594525,2,6,16:25:38,16:24:00,16:25:38
1298380,58793,6501,65,0,58620,58793,0.0,5,3.3343,3.3716,268.055137,-122.55064,45.599775,1,4,16:19:53,16:17:00,16:19:53
1298380,58963,6501,65,0,58920,58963,0.0,5,5.6887,5.7222,196.498421,-122.51527833333331,45.59476333333333,1,4,16:22:43,16:22:00,16:22:43
