vehicle_number,leave_time,train,route_number,direction,stop_time,arrive_time,location_id,estimated_load,train_mileage,pattern_distance,location_distance,x_coordinate,y_coordinate,data_source,schedule_status,leave,stop,arrive
4015,35441,6501,65,0,35640,35441,492.0,0,6.6251,6.5592,102.377311,-122.50518666666666,45.59449833333333,2,6,09:50:41,09:54:00,09:50:41
4015,35260,6501,65,0,35520,35260,0.0,2,5.6986,5.7222,18.635027,-122.514515,45.59453833333333,1,4,09:47:40,09:52:00,09:47:40
4015,35167,6501,65,0,35340,35167,0.0,2,4.1172,4.1445,164.087331,-122.54591,45.60211666666667,1,4,09:46:07,09:49:00,09:46:07
4015,34805,6501,65,0,34800,34805,722.0,2,0.0,0.0,17.944393,-122.564565,45.558735,2,5,09:40:05,09:40:00,09:40:05
