vehicle_number,leave_time,train,route_number,direction,stop_time,arrive_time,location_id,estimated_load,train_mileage,pattern_distance,location_distance,x_coordinate,y_coordinate,data_source,schedule_status,leave,stop,arrive
4004,27904,6001,60,0,27900.0,27904,832,4,0.0,0.0,167.382067,-122.68552166666667,45.59569833333333,2,5,07:45:04,07:45:00,07:45:04
4004,28104,6001,60,0,27900.0,28104,918,4,1.6156,1.6317,176.978514,-122.67722833333332,45.611853333333336,2,2,07:48:24,07:45:00,07:48:24
4004,28202,6001,60,0,28200.0,28169,919,3,1.9555,2.017,7.64473,-122.681165,45.61107833333333,2,4,07:50:02,07:50:00,07:49:29
