vehicle_number,leave_time,train,route_number,direction,stop_time,arrive_time,location_id,estimated_load,train_mileage,pattern_distance,location_distance,x_coordinate,y_coordinate,data_source,schedule_status,leave,stop,arrive
2294,66869,6001,60,1,,66824,1015,5,2.634,2.7452,33.243579,-122.68460166666668,45.61246666666667,2,2,18:34:29,,18:33:44
2294,66083,6001,60,1,66240.0,66083,906,4,0.0,0.0,19.965531,-122.67054,45.626203333333336,2,5,18:21:23,18:24:00,18:21:23
2294,66156,6001,60,1,66240.0,66137,908,3,0.1584,0.1877,26.932415,-122.67053,45.628548333333335,2,2,18:22:36,18:24:00,18:22:17
2294,67133,6001,60,1,67140.0,67133,832,0,4.1874,4.3782,53.833235,-122.68547333333332,45.59601,2,6,18:38:53,18:39:00,18:38:53
