vehicle_number,leave_time,train,route_number,direction,stop_time,arrive_time,location_id,estimated_load,train_mileage,pattern_distance,location_distance,x_coordinate,y_coordinate,data_source,schedule_status,leave,stop,arrive
2294,70259,6001,60,1,70200.0,70259,986,0,2.1251,2.2972,73.003871,-122.68122,45.61090333333333,2,4,19:30:59,19:30:00,19:30:59
2294,70359,6001,60,1,70200.0,70346,1015,0,2.4985,2.7452,11.201515,-122.68467166666667,45.61235833333333,2,2,19:32:39,19:30:00,19:32:26
2294,69745,6001,60,1,70200.0,69709,908,0,0.023,0.1877,31.266668,-122.670525,45.628571666666666,2,2,19:22:25,19:30:00,19:21:49
2294,69971,6001,60,1,69960.0,69784,1132,0,0.1553,0.3275,16.342622,-122.67043833333334,45.630498333333335,2,4,19:26:11,19:26:00,19:23:04
