vehicle_number,leave_time,train,route_number,direction,stop_time,arrive_time,location_id,estimated_load,train_mileage,pattern_distance,location_distance,x_coordinate,y_coordinate,data_source,schedule_status,leave,stop,arrive
4034,38110,6002,60,0,37800.0,38110,832,8,0.0,0.0,198.662393,-122.685545,45.59561333333333,2,5,10:35:10,10:30:00,10:35:10
4034,39069,6002,60,0,38520.0,39069,906,8,4.4913,4.5254,565.403121,-122.67053666666666,45.62780166666667,2,6,10:51:09,10:42:00,10:51:09
4034,38580,6002,60,0,38100.0,38564,919,7,1.9598,2.017,17.584889,-122.6812,45.61106,2,4,10:43:00,10:35:00,10:42:44
