vehicle_number,leave_time,train,route_number,direction,stop_time,arrive_time,location_id,estimated_load,train_mileage,pattern_distance,location_distance,x_coordinate,y_coordinate,data_source,schedule_status,leave,stop,arrive
4034,63354,6002,60,1,,63341,1015,2,2.5197,2.7452,14.407713,-122.68466,45.61235,2,2,17:35:54,,17:35:41
4034,63624,6002,60,1,63540.0,63624,832,0,4.0762,4.3782,80.948049,-122.68553166666666,45.59593666666667,2,6,17:40:24,17:39:00,17:40:24
4034,62507,6002,60,1,62640.0,62507,906,9,0.0,0.0,612.931937,-122.67056333333332,45.62793166666667,2,5,17:21:47,17:24:00,17:21:47
4034,62544,6002,60,1,62640.0,62522,908,5,0.0391,0.1877,28.907627,-122.670505,45.628575,2,2,17:22:24,17:24:00,17:22:02
