vehicle_number,leave_time,train,route_number,direction,stop_time,arrive_time,location_id,estimated_load,train_mileage,pattern_distance,location_distance,x_coordinate,y_coordinate,data_source,schedule_status,leave,stop,arrive
4015,41597,6501,65,1,41640,41597,0.0,3,2.3842,2.5644,301.045916,-122.54671,45.60286833333333,1,4,11:33:17,11:34:00,11:33:17
4015,41762,6501,65,1,41820,41762,0.0,3,4.7181,4.8989,60.583587,-122.54404833333334,45.57972166666666,1,4,11:36:02,11:37:00,11:36:02
4015,41658,6501,65,1,41700,41658,0.0,3,3.0354,3.215,177.202311,-122.55177666666668,45.603565,1,4,11:34:18,11:35:00,11:34:18
