vehicle_number,leave_time,train,route_number,direction,stop_time,arrive_time,location_id,estimated_load,train_mileage,pattern_distance,location_distance,x_coordinate,y_coordinate,data_source,schedule_status,leave,stop,arrive
4034,48989,6002,60,1,49080.0,48989,906,5,0.0,0.0,1.988245,-122.67050666666668,45.62624666666667,2,5,13:36:29,13:38:00,13:36:29
4034,49745,6002,60,1,49080.0,49745,1015,7,2.675,2.7452,122.039914,-122.68444,45.61268166666667,2,2,13:49:05,13:38:00,13:49:05
4034,49048,6002,60,1,49080.0,49039,908,5,0.1578,0.1877,22.453432,-122.670475,45.62856666666666,2,2,13:37:28,13:38:00,13:37:19
4034,49269,6002,60,1,49260.0,49084,1132,7,0.292,0.3275,7.558527,-122.67041333333331,45.63055833333333,2,4,13:41:09,13:41:00,13:38:04
