vehicle_number,leave_time,train,route_number,direction,stop_time,arrive_time,location_id,estimated_load,train_mileage,pattern_distance,location_distance,x_coordinate,y_coordinate,data_source,schedule_status,leave,stop,arrive
4004,25439,6001,60,1,25620.0,25439,832,0,3.1156,3.3287,67.587485,-122.68548666666666,45.59597166666666,2,6,07:03:59,07:07:00,07:03:59
4004,25029,6001,60,1,25020.0,25029,906,3,0.0,0.0,519.816962,-122.67053166666666,45.627676666666666,2,5,06:57:09,06:57:00,06:57:09
