vehicle_number,leave_time,train,route_number,direction,stop_time,arrive_time,location_id,estimated_load,train_mileage,pattern_distance,location_distance,x_coordinate,y_coordinate,data_source,schedule_status,leave,stop,arrive
4015,33698,6501,65,0,33840,33698,492.0,0,6.6269,6.5592,107.185505,-122.50522166666669,45.5945,2,6,09:21:38,09:24:00,09:21:38
4015,33036,6501,65,0,33000,33036,722.0,6,0.0,0.0,11.952747,-122.56455,45.55875,2,5,09:10:36,09:10:00,09:10:36
4015,33517,6501,65,0,33720,33517,0.0,6,5.6967,5.7222,143.863594,-122.51509,45.59470833333334,1,4,09:18:37,09:22:00,09:18:37
4015,33426,6501,65,0,33540,33426,0.0,6,4.1172,4.1445,114.600161,-122.545725,45.60208166666666,1,4,09:17:06,09:19:00,09:17:06
