vehicle_number,leave_time,train,route_number,direction,stop_time,arrive_time,location_id,estimated_load,train_mileage,pattern_distance,location_distance,x_coordinate,y_coordinate,data_source,schedule_status,leave,stop,arrive
4034,79600,6002,60,1,79560.0,79600,832,0,4.0607,4.3782,79.133174,-122.6855,45.59594,2,6,22:06:40,22:06:00,22:06:40
4034,78731,6002,60,1,79560.0,78692,908,3,0.0249,0.1877,31.631808,-122.67048833333334,45.62859,2,2,21:52:11,22:06:00,21:51:32
4034,79375,6002,60,1,79560.0,79375,1015,0,2.5383,2.7452,124.113522,-122.68442,45.61268,2,2,22:02:55,22:06:00,22:02:55
4034,79282,6002,60,1,79140.0,79258,986,0,2.0934,2.2972,33.755044,-122.68120333333331,45.61101166666667,2,4,22:01:22,21:59:00,22:00:58
