vehicle_number,leave_time,train,route_number,direction,stop_time,arrive_time,location_id,estimated_load,train_mileage,pattern_distance,location_distance,x_coordinate,y_coordinate,data_source,schedule_status,leave,stop,arrive
4034,82296,6002,60,1,,82275,908,2,0.1597,0.1877,25.276797,-122.670475,45.628575,2,2,22:51:36,,22:51:15
4034,83155,6002,60,1,83160.0,83155,832,0,4.1955,4.3782,77.127466,-122.685525,45.59594666666667,2,6,23:05:55,23:06:00,23:05:55
4034,82964,6002,60,1,83160.0,82964,1015,3,2.6719,2.7452,115.263019,-122.68445166666666,45.612665,2,2,23:02:44,23:06:00,23:02:44
4034,82615,6002,60,1,82500.0,82338,1132,3,0.2927,0.3275,5.134035,-122.67041666666668,45.630535,2,4,22:56:55,22:55:00,22:52:18
