vehicle_number,leave_time,train,route_number,direction,stop_time,arrive_time,location_id,estimated_load,train_mileage,pattern_distance,location_distance,x_coordinate,y_coordinate,data_source,schedule_status,leave,stop,arrive
4015,59656,6501,65,1,59700,59656,0.0,4,3.0335,3.215,173.867321,-122.55181666666668,45.60355166666667,1,4,16:34:16,16:35:00,16:34:16
4015,59430,6501,65,1,59400,59430,492.0,4,0.0,2.0822,120.514399,-122.50521166666668,45.594545,2,5,16:30:30,16:30:00,16:30:30
4015,59982,6501,65,1,60000,59982,722.0,3,6.9041,7.2607,21.826567,-122.56457333333331,45.558725,2,6,16:39:42,16:40:00,16:39:42
