vehicle_number,leave_time,train,route_number,direction,stop_time,arrive_time,location_id,estimated_load,train_mileage,pattern_distance,location_distance,x_coordinate,y_coordinate,data_source,schedule_status,leave,stop,arrive
4034,52539,6002,60,1,,52528,1015,8,2.6439,2.7452,18.14676,-122.68465666666668,45.61234,2,2,14:35:39,,14:35:28
4034,52797,6002,60,1,52860.0,52797,832,0,4.193,4.3782,24.895741,-122.685465,45.596091666666666,2,6,14:39:57,14:41:00,14:39:57
4034,52443,6002,60,1,52380.0,52398,986,9,2.2282,2.2972,18.14386,-122.68118166666666,45.61105166666667,2,4,14:34:03,14:33:00,14:33:18
4034,51895,6002,60,1,52380.0,51835,908,13,0.1584,0.1877,39.035048,-122.67048833333334,45.62861166666666,2,2,14:24:55,14:33:00,14:23:55
