vehicle_number,leave_time,train,route_number,direction,stop_time,arrive_time,location_id,estimated_load,train_mileage,pattern_distance,location_distance,x_coordinate,y_coordinate,data_source,schedule_status,leave,stop,arrive
4015,31302,6501,65,0,31200,31302,722.0,12,0.0,0.0,9.864382,-122.56453666666668,45.558745,2,5,08:41:42,08:40:00,08:41:42
4015,31910,6501,65,0,32040,31910,492.0,0,6.6344,6.5592,102.531663,-122.50520166666666,45.59449333333333,2,6,08:51:50,08:54:00,08:51:50
4015,31583,6501,65,0,31620,31583,0.0,12,3.3417,3.3716,304.563489,-122.550625,45.599675,1,4,08:46:23,08:47:00,08:46:23
4015,31647,6501,65,0,31740,31647,0.0,12,4.1191,4.1445,193.583595,-122.546045,45.602055,1,4,08:47:27,08:49:00,08:47:27
