vehicle_number,leave_time,train,route_number,direction,stop_time,arrive_time,location_id,estimated_load,train_mileage,pattern_distance,location_distance,x_coordinate,y_coordinate,data_source,schedule_status,leave,stop,arrive
4004,24314,6001,60,0,24300.0,24314,832,4,0.0,0.0,210.360351,-122.68549,45.59558,2,5,06:45:14,06:45:00,06:45:14
4004,25029,6001,60,0,25020.0,25029,906,3,4.4925,4.5254,519.816962,-122.67053166666666,45.627676666666666,2,6,06:57:09,06:57:00,06:57:09
4004,24605,6001,60,0,24600.0,24554,919,4,1.9598,2.017,20.438703,-122.68118833333334,45.61104666666667,2,4,06:50:05,06:50:00,06:49:14
