vehicle_number,leave_time,train,route_number,direction,stop_time,arrive_time,location_id,estimated_load,train_mileage,pattern_distance,location_distance,x_coordinate,y_coordinate,data_source,schedule_status,leave,stop,arrive
4034,68804,6002,60,1,68820.0,68804,832,0,4.0619,4.3782,78.777877,-122.68551833333332,45.59594166666667,2,6,19:06:44,19:07:00,19:06:44
4034,68463,6002,60,1,68400.0,68438,986,8,2.0934,2.2972,81.090237,-122.68131333333334,45.610905,2,4,19:01:03,19:00:00,19:00:38
4034,68174,6002,60,1,68160.0,68088,1132,9,0.1584,0.3275,13.286545,-122.67041333333331,45.63057666666667,2,4,18:56:14,18:56:00,18:54:48
4034,68052,6002,60,1,68160.0,67976,908,7,0.0292,0.1877,44.636023,-122.67049333333334,45.62862666666667,2,2,18:54:12,18:56:00,18:52:56
