vehicle_number,leave_time,train,route_number,direction,stop_time,arrive_time,location_id,estimated_load,train_mileage,pattern_distance,location_distance,x_coordinate,y_coordinate,data_source,schedule_status,leave,stop,arrive
4004,55632,6001,60,1,55620.0,55381,1132,8,0.2927,0.3275,11.073518,-122.67041166666668,45.630516666666665,2,4,15:27:12,15:27:00,15:23:01
4004,55347,6001,60,1,55620.0,55306,908,3,0.1597,0.1877,24.718461,-122.6705,45.62856333333333,2,2,15:22:27,15:27:00,15:21:46
4004,55992,6001,60,1,55980.0,55849,986,9,2.2313,2.2972,22.196056,-122.68122166666669,45.61105666666667,2,4,15:33:12,15:33:00,15:30:49
4004,55252,6001,60,1,55440.0,55252,906,3,0.0,0.0,6.189394,-122.67051,45.626235,2,5,15:20:52,15:24:00,15:20:52
