vehicle_number,leave_time,train,route_number,direction,stop_time,arrive_time,location_id,estimated_load,train_mileage,pattern_distance,location_distance,x_coordinate,y_coordinate,data_source,schedule_status,leave,stop,arrive
4012,56292,6051,60,1,,56224,908,4,0.0522,0.1877,22.75119,-122.67048666666666,45.62856333333333,2,2,15:38:12,,15:37:04
4012,56876,6051,60,1,56880.0,56811,986,4,2.1276,2.2972,32.98027,-122.68123333333334,45.611025,2,4,15:47:56,15:48:00,15:46:51
4012,56545,6051,60,1,56520.0,56358,1132,5,0.1858,0.3275,10.520596,-122.67042833333332,45.63057166666667,2,4,15:42:25,15:42:00,15:39:18
4012,56205,6051,60,1,56340.0,56205,906,4,0.0,0.0,525.355991,-122.67054666666668,45.62769166666666,2,5,15:36:45,15:39:00,15:36:45
