vehicle_number,leave_time,train,route_number,direction,stop_time,arrive_time,location_id,estimated_load,train_mileage,pattern_distance,location_distance,x_coordinate,y_coordinate,data_source,schedule_status,leave,stop,arrive
2287,38133,2502,19,1,,38093,530,6,3.0615,3.2193,4.62115,-122.64968833333332,45.70590833333333,2,2,10:35:33,,10:34:53
2287,37627,2502,19,1,37560.0,37627,1044,4,0.0,0.0,261.829537,-122.641015,45.72977166666666,2,5,10:27:07,10:26:00,10:27:07
2287,38030,2502,19,1,37560.0,38030,931,4,2.4675,2.5613,155.727682,-122.65148833333332,45.714705,2,2,10:33:50,10:26:00,10:33:50
2287,38189,2502,19,1,37560.0,38189,532,6,3.4163,3.5356,99.001902,-122.65215166666668,45.70138,2,2,10:36:29,10:26:00,10:36:29
2287,38201,2502,19,1,37560.0,38201,533,6,3.5418,3.6624,5.616626,-122.65297833333334,45.69992,2,2,10:36:41,10:26:00,10:36:41
2287,38290,2502,19,1,37560.0,38290,756,6,4.0184,4.1259,190.344652,-122.65663833333332,45.69315666666667,2,2,10:38:10,10:26:00,10:38:10
2287,38070,2502,19,1,37560.0,38070,933,4,2.8906,2.9876,160.927121,-122.64917,45.70872833333333,2,2,10:34:30,10:26:00,10:34:30
2287,38222,2502,19,1,37560.0,38222,534,6,3.7506,3.8649,33.681356,-122.654485,45.69709833333334,2,2,10:37:02,10:26:00,10:37:02
2287,38496,2502,19,1,38580.0,38496,877,0,4.6659,4.7945,44.663251,-122.66400666666668,45.69035,2,6,10:41:36,10:43:00,10:41:36
