vehicle_number,leave_time,train,route_number,direction,stop_time,arrive_time,location_id,estimated_load,train_mileage,pattern_distance,location_distance,x_coordinate,y_coordinate,data_source,schedule_status,leave,stop,arrive
4012,53546,6051,60,1,53640.0,53546,906,7,0.0,0.0,3.665448,-122.670515,45.626255,2,5,14:52:26,14:54:00,14:52:26
4012,53863,6051,60,1,53820.0,53737,1132,12,0.292,0.3275,28.414522,-122.67045,45.63062,2,4,14:57:43,14:57:00,14:55:37
4012,54563,6051,60,1,54660.0,54563,832,0,4.2011,4.3782,14.09281,-122.68544666666666,45.596136666666666,2,6,15:09:23,15:11:00,15:09:23
4012,54221,6051,60,1,54180.0,54158,986,10,2.2357,2.2972,64.081836,-122.681255,45.61093666666667,2,4,15:03:41,15:03:00,15:02:38
