vehicle_number,leave_time,train,route_number,direction,stop_time,arrive_time,location_id,estimated_load,train_mileage,pattern_distance,location_distance,x_coordinate,y_coordinate,data_source,schedule_status,leave,stop,arrive
2288,34719,2501,19,1,,34651,931,5,2.4233,2.5613,22.815714,-122.65163,45.71518,2,2,09:38:39,,09:37:31
2288,34764,2501,19,1,,34764,933,5,2.8919,2.9876,36.853665,-122.64937333333332,45.709246666666665,2,2,09:39:24,,09:39:24
2288,34442,2501,19,1,34380.0,34423,1046,2,1.7355,1.8647,12.22487,-122.65146333333334,45.72525666666667,2,4,09:34:02,09:33:00,09:33:43
2288,34927,2501,19,1,34380.0,34927,756,5,4.0333,4.1259,651.514849,-122.658475,45.694721666666666,2,2,09:42:07,09:33:00,09:42:07
2288,35166,2501,19,1,35100.0,35166,877,0,4.7137,4.7945,33.342777,-122.66398166666669,45.69031833333333,2,6,09:46:06,09:45:00,09:46:06
2288,34833,2501,19,1,35100.0,34833,532,5,3.4269,3.5356,13.176717,-122.65199666666666,45.70165,2,2,09:40:33,09:45:00,09:40:33
2288,34038,2501,19,1,34080.0,34038,1044,1,0.0,0.0,222.822354,-122.64102333333334,45.729663333333335,2,5,09:27:18,09:28:00,09:27:18
2288,34820,2501,19,1,34080.0,34820,531,5,3.3026,3.402,197.701195,-122.651305,45.70294,2,2,09:40:20,09:28:00,09:40:20
2288,34846,2501,19,1,34080.0,34846,533,5,3.5542,3.6624,126.137763,-122.65316333333334,45.699595,2,2,09:40:46,09:28:00,09:40:46
