vehicle_number,leave_time,train,route_number,direction,stop_time,arrive_time,location_id,estimated_load,train_mileage,pattern_distance,location_distance,x_coordinate,y_coordinate,data_source,schedule_status,leave,stop,arrive
4015,34462,6501,65,1,34500,34462,0.0,3,3.0385,3.215,150.345966,-122.55176666666668,45.60349166666666,1,4,09:34:22,09:35:00,09:34:22
4015,34405,6501,65,1,34440,34405,0.0,3,2.3873,2.5644,33.625417,-122.54769333333331,45.6031,1,4,09:33:25,09:34:00,09:33:25
4015,34780,6501,65,1,34800,34780,722.0,2,6.9159,7.2607,24.619682,-122.56458333333332,45.55872166666666,2,6,09:39:40,09:40:00,09:39:40
