vehicle_number,leave_time,train,route_number,direction,stop_time,arrive_time,location_id,estimated_load,train_mileage,pattern_distance,location_distance,x_coordinate,y_coordinate,data_source,schedule_status,leave,stop,arrive
2287,59410,2502,19,1,59400.0,59410,1044,1,0.0,0.0,211.261592,-122.64102,45.72963166666667,2,5,16:30:10,16:30:00,16:30:10
2287,60097,2502,19,1,59400.0,60097,533,4,3.5058,3.6624,68.919931,-122.65287166666668,45.70008666666666,2,2,16:41:37,16:30:00,16:41:37
2287,59716,2502,19,1,59700.0,59683,1046,3,1.7156,1.8647,9.142383,-122.651445,45.72523833333333,2,4,16:35:16,16:35:00,16:34:43
2287,59913,2502,19,1,59700.0,59885,931,4,2.4004,2.5613,27.611812,-122.651595,45.71505,2,2,16:38:33,16:35:00,16:38:05
2287,60073,2502,19,1,59700.0,60073,531,4,3.2516,3.402,64.230713,-122.65094666666668,45.70360333333333,2,2,16:41:13,16:35:00,16:41:13
2287,60206,2502,19,1,59700.0,60206,756,4,3.9842,4.1259,193.956309,-122.65673666666666,45.69317,2,2,16:43:26,16:35:00,16:43:26
2287,60056,2502,19,1,59700.0,60056,530,4,3.1019,3.2193,225.512661,-122.64998166666666,45.70533833333333,2,2,16:40:56,16:35:00,16:40:56
2287,60085,2502,19,1,59700.0,60085,532,4,3.379,3.5356,48.562228,-122.65208,45.70151,2,2,16:41:25,16:35:00,16:41:25
2287,60117,2502,19,1,59700.0,60117,534,4,3.7195,3.8649,40.2613,-122.654535,45.69708,2,2,16:41:57,16:35:00,16:41:57
