vehicle_number,leave_time,train,route_number,direction,stop_time,arrive_time,location_id,estimated_load,train_mileage,pattern_distance,location_distance,x_coordinate,y_coordinate,data_source,schedule_status,leave,stop,arrive
4004,74183,6001,60,1,74220.0,74183,906,9,0.0,0.0,9.57853,-122.67053333333334,45.626265,2,5,20:36:23,20:37:00,20:36:23
4004,74249,6001,60,1,74220.0,74234,908,8,0.1584,0.1877,37.352263,-122.67051,45.6286,2,2,20:37:29,20:37:00,20:37:14
4004,75033,6001,60,1,75060.0,75033,832,0,4.1812,4.3782,11.257523,-122.68545833333332,45.596138333333336,2,6,20:50:33,20:51:00,20:50:33
4004,74785,6001,60,1,75060.0,74774,1015,4,2.6377,2.7452,23.469333,-122.68469166666668,45.61232666666667,2,2,20:46:25,20:51:00,20:46:14
