vehicle_number,leave_time,train,route_number,direction,stop_time,arrive_time,location_id,estimated_load,train_mileage,pattern_distance,location_distance,x_coordinate,y_coordinate,data_source,schedule_status,leave,stop,arrive
4015,57804,6501,65,1,57600,57804,492.0,13,0.0,2.0822,118.133894,-122.50521,45.59453833333333,2,5,16:03:24,16:00:00,16:03:24
4015,57987,6501,65,1,57840,57987,0.0,13,2.378,2.5644,211.881964,-122.54703833333332,45.602943333333336,1,4,16:06:27,16:04:00,16:06:27
4015,58145,6501,65,1,58020,58145,0.0,13,4.7143,4.8989,130.073292,-122.54416166666668,45.579211666666666,1,4,16:09:05,16:07:00,16:09:05
