vehicle_number,leave_time,train,route_number,direction,stop_time,arrive_time,location_id,estimated_load,train_mileage,pattern_distance,location_distance,x_coordinate,y_coordinate,data_source,schedule_status,leave,stop,arrive
4015,63342,6501,65,1,63420,63342,0.0,4,4.7181,4.8989,53.498526,-122.544055,45.579701666666665,1,4,17:35:42,17:37:00,17:35:42
4015,63238,6501,65,1,63300,63238,0.0,4,3.036,3.215,91.614399,-122.55162333333334,45.60283666666667,1,4,17:33:58,17:35:00,17:33:58
4015,63000,6501,65,1,63000,63000,492.0,4,0.0,2.0822,111.72423,-122.50520166666666,45.594521666666665,2,5,17:30:00,17:30:00,17:30:00
