vehicle_number,leave_time,train,route_number,direction,stop_time,arrive_time,location_id,estimated_load,train_mileage,pattern_distance,location_distance,x_coordinate,y_coordinate,data_source,schedule_status,leave,stop,arrive
4034,71777,6002,60,1,,71739,908,6,0.1597,0.1877,26.188722,-122.67049666666666,45.62857,2,2,19:56:17,,19:55:39
4034,72227,6002,60,1,,72227,1015,4,2.6694,2.7452,121.742507,-122.68443,45.612676666666665,2,2,20:03:47,,20:03:47
4034,71830,6002,60,1,71700.0,71816,1132,5,0.2927,0.3275,25.780622,-122.67044333333334,45.630613333333336,2,4,19:57:10,19:55:00,19:56:56
4034,72124,6002,60,1,71940.0,72108,986,4,2.2258,2.2972,102.161193,-122.68132166666666,45.610843333333335,2,4,20:02:04,19:59:00,20:01:48
