vehicle_number,leave_time,train,route_number,direction,stop_time,arrive_time,location_id,estimated_load,train_mileage,pattern_distance,location_distance,x_coordinate,y_coordinate,data_source,schedule_status,leave,stop,arrive
4015,45075,6501,65,1,45000,45075,492.0,5,0.0,2.0822,402.092819,-122.50407166666666,45.59336833333333,2,5,12:31:15,12:30:00,12:31:15
4015,45386,6501,65,1,45420,45386,0.0,5,4.6839,4.8989,33.00368,-122.54405333333334,45.579645,1,4,12:36:26,12:37:00,12:36:26
4015,45281,6501,65,1,45300,45281,0.0,5,3.0006,3.215,159.357507,-122.551765,45.60351666666666,1,4,12:34:41,12:35:00,12:34:41
