vehicle_number,leave_time,train,route_number,direction,stop_time,arrive_time,location_id,estimated_load,train_mileage,pattern_distance,location_distance,x_coordinate,y_coordinate,data_source,schedule_status,leave,stop,arrive
4034,41655,6002,60,0,,41633,918,8,1.5671,1.6317,38.07465,-122.67731333333332,45.611266666666666,2,2,11:34:15,,11:33:53
4034,42318,6002,60,0,42120.0,42318,906,9,4.4757,4.5254,501.099988,-122.67055333333332,45.627625,2,6,11:45:18,11:42:00,11:45:18
4034,41423,6002,60,0,41400.0,41423,832,7,0.0,0.0,188.597366,-122.68555666666668,45.595641666666666,2,5,11:30:23,11:30:00,11:30:23
