vehicle_number,leave_time,train,route_number,direction,stop_time,arrive_time,location_id,estimated_load,train_mileage,pattern_distance,location_distance,x_coordinate,y_coordinate,data_source,schedule_status,leave,stop,arrive
4034,75734,6002,60,1,,75702,1015,4,2.6352,2.7452,11.420084,-122.68466,45.61235833333333,2,2,21:02:14,,21:01:42
4034,75156,6002,60,1,75120.0,75156,906,3,0.0,0.0,4.071847,-122.67050666666668,45.62626166666666,2,5,20:52:36,20:52:00,20:52:36
4034,75614,6002,60,1,75540.0,75599,986,3,2.2233,2.2972,95.780914,-122.68132833333334,45.610865,2,4,21:00:14,20:59:00,20:59:59
4034,75951,6002,60,1,75960.0,75951,832,0,4.1905,4.3782,77.731606,-122.685525,45.595945,2,6,21:05:51,21:06:00,21:05:51
