vehicle_number,leave_time,train,route_number,direction,stop_time,arrive_time,location_id,estimated_load,train_mileage,pattern_distance,location_distance,x_coordinate,y_coordinate,data_source,schedule_status,leave,stop,arrive
2404,54372,601,6,1,54360.0,54315,1019,8,1.1787,1.2135,6.966157,-122.67263166666666,45.64024333333333,2,4,15:06:12,15:06:00,15:05:15
2404,54551,601,6,1,54360.0,54523,3,9,2.1903,2.2605,10.438054,-122.69249333333332,45.641485,2,2,15:09:11,15:06:00,15:08:43
2404,54017,601,6,1,54000.0,54017,880,5,0.0,0.0,11.970741,-122.655575,45.63830166666666,2,5,15:00:17,15:00:00,15:00:17
2404,54594,601,6,1,54600.0,54594,995,9,2.4712,2.5445,23.143013,-122.692365,45.645543333333336,2,6,15:09:54,15:10:00,15:09:54
2404,54258,601,6,1,54600.0,54238,128,6,0.9084,0.937,70.942392,-122.66717166666666,45.64019666666667,2,2,15:04:18,15:10:00,15:03:58
