vehicle_number,leave_time,train,route_number,direction,stop_time,arrive_time,location_id,estimated_load,train_mileage,pattern_distance,location_distance,x_coordinate,y_coordinate,data_source,schedule_status,leave,stop,arrive
4004,30350,6001,60,1,30420.0,30350,906,1,0.0,0.0,4.903093,-122.67048333333334,45.62625333333333,2,5,08:25:50,08:27:00,08:25:50
4004,30410,6001,60,1,30420.0,30388,908,4,0.1578,0.1877,23.710028,-122.67049666666666,45.62856166666667,2,2,08:26:50,08:27:00,08:26:28
