vehicle_number,leave_time,train,route_number,direction,stop_time,arrive_time,location_id,estimated_load,train_mileage,pattern_distance,location_distance,x_coordinate,y_coordinate,data_source,schedule_status,leave,stop,arrive
4004,65476,6001,60,1,,65347,908,3,0.0416,0.1877,28.459229,-122.67051666666669,45.62856666666666,2,2,18:11:16,,18:09:07
4004,65599,6001,60,1,65520.0,65510,1132,1,0.1746,0.3275,9.317024,-122.67041,45.630523333333336,2,4,18:13:19,18:12:00,18:11:50
4004,66044,6001,60,1,65520.0,66035,1015,5,2.5209,2.7452,28.633822,-122.68468833333333,45.61231166666666,2,2,18:20:44,18:12:00,18:20:35
4004,66267,6001,60,1,66240.0,66267,832,0,4.0656,4.3782,13.023812,-122.68545333333331,45.596135,2,6,18:24:27,18:24:00,18:24:27
