vehicle_number,leave_time,train,route_number,direction,stop_time,arrive_time,location_id,estimated_load,train_mileage,pattern_distance,location_distance,x_coordinate,y_coordinate,data_source,schedule_status,leave,stop,arrive
2288,48680,2501,19,1,48600.0,48680,1044,6,0.0,0.0,432.091571,-122.64101666666669,45.73024,2,5,13:31:20,13:30:00,13:31:20
2288,49192,2501,19,1,48600.0,49192,933,8,2.8757,2.9876,46.804659,-122.649385,45.709273333333336,2,2,13:39:52,13:30:00,13:39:52
2288,49243,2501,19,1,48600.0,49243,531,8,3.2871,3.402,19.280056,-122.65102,45.703471666666665,2,2,13:40:43,13:30:00,13:40:43
2288,49224,2501,19,1,48600.0,49224,530,8,3.1124,3.2193,217.938831,-122.64998,45.70536,2,2,13:40:24,13:30:00,13:40:24
2288,49295,2501,19,1,48600.0,49295,534,8,3.7518,3.8649,170.386092,-122.65470833333332,45.69674333333333,2,2,13:41:35,13:30:00,13:41:35
2288,49383,2501,19,1,48600.0,49383,756,8,4.0197,4.1259,202.643201,-122.65676166666668,45.693151666666665,2,2,13:43:03,13:30:00,13:43:03
2288,49271,2501,19,1,48600.0,49271,533,8,3.54,3.6624,112.393689,-122.65315,45.69963166666667,2,2,13:41:11,13:30:00,13:41:11
2288,48947,2501,19,1,48900.0,48947,1046,6,1.7641,1.8647,14.914608,-122.65143333333332,45.725195,2,4,13:35:47,13:35:00,13:35:47
2288,49117,2501,19,1,48900.0,49092,931,8,2.4122,2.5613,6.571286,-122.65161666666668,45.71511666666667,2,2,13:38:37,13:35:00,13:38:12
