vehicle_number,leave_time,train,route_number,direction,stop_time,arrive_time,location_id,estimated_load,train_mileage,pattern_distance,location_distance,x_coordinate,y_coordinate,data_source,schedule_status,leave,stop,arrive
2288,63274,2501,19,1,63300.0,63274,1046,3,1.8604,1.8647,151.686438,-122.65144833333332,45.724808333333335,2,4,17:34:34,17:35:00,17:34:34
2288,63713,2501,19,1,63300.0,63713,531,6,3.3821,3.402,185.189087,-122.65129333333331,45.70297333333333,2,2,17:41:53,17:35:00,17:41:53
2288,63743,2501,19,1,63300.0,63743,533,6,3.6363,3.6624,199.831849,-122.65327333333332,45.69940833333333,2,2,17:42:23,17:35:00,17:42:23
2288,63019,2501,19,1,63000.0,63019,1044,3,0.0,0.0,56.352798,-122.64100833333332,45.72919666666667,2,5,17:30:19,17:30:00,17:30:19
2288,63794,2501,19,1,63000.0,63794,534,6,3.8494,3.8649,214.206201,-122.654765,45.69663,2,2,17:43:14,17:30:00,17:43:14
2288,63999,2501,19,1,64020.0,63999,877,0,4.7566,4.7945,42.557026,-122.664025,45.690305,2,6,17:46:39,17:47:00,17:46:39
2288,63548,2501,19,1,64020.0,63513,931,6,2.5054,2.5613,48.642631,-122.651575,45.71499333333333,2,2,17:39:08,17:47:00,17:38:33
2288,63694,2501,19,1,64020.0,63694,530,6,3.2057,3.2193,170.351517,-122.64990666666668,45.70548,2,2,17:41:34,17:47:00,17:41:34
2288,63841,2501,19,1,64020.0,63841,756,6,4.088,4.1259,147.227059,-122.65663666666669,45.69328,2,2,17:44:01,17:47:00,17:44:01
