vehicle_number,leave_time,train,route_number,direction,stop_time,arrive_time,location_id,estimated_load,train_mileage,pattern_distance,location_distance,x_coordinate,y_coordinate,data_source,schedule_status,leave,stop,arrive
4015,43454,6501,65,1,43500,43454,0.0,6,3.0366,3.215,63.419962,-122.55164,45.60291333333333,1,4,12:04:14,12:05:00,12:04:14
4015,43394,6501,65,1,43440,43394,0.0,6,2.3805,2.5644,63.056995,-122.54758166666667,45.603078333333336,1,4,12:03:14,12:04:00,12:03:14
4015,43200,6501,65,1,43200,43200,492.0,6,0.0,2.0822,106.054956,-122.505195,45.59450666666667,2,5,12:00:00,12:00:00,12:00:00
