vehicle_number,leave_time,train,route_number,direction,stop_time,arrive_time,location_id,estimated_load,train_mileage,pattern_distance,location_distance,x_coordinate,y_coordinate,data_source,schedule_status,leave,stop,arrive
4012,61661,6051,60,1,61740.0,61661,906,7,0.0,0.0,9.858837,-122.67049,45.62627666666667,2,5,17:07:41,17:09:00,17:07:41
4012,62275,6051,60,1,62220.0,62244,986,3,2.2338,2.2972,86.075036,-122.68129,45.61088166666666,2,4,17:17:55,17:17:00,17:17:24
4012,62647,6051,60,1,62640.0,62647,832,0,4.2042,4.3782,64.536483,-122.68549666666668,45.59598,2,6,17:24:07,17:24:00,17:24:07
4012,61928,6051,60,1,61920.0,61831,1132,2,0.2927,0.3275,12.399304,-122.6704,45.630518333333335,2,4,17:12:08,17:12:00,17:10:31
