vehicle_number,leave_time,train,route_number,direction,stop_time,arrive_time,location_id,estimated_load,train_mileage,pattern_distance,location_distance,x_coordinate,y_coordinate,data_source,schedule_status,leave,stop,arrive
4034,32417,6002,60,0,32400.0,32417,832,3,0.0,0.0,194.940241,-122.68554,45.595623333333336,2,5,09:00:17,09:00:00,09:00:17
4034,32703,6002,60,0,32700.0,32691,919,3,1.9561,2.017,20.027452,-122.681195,45.61105,2,4,09:05:03,09:05:00,09:04:51
4034,33126,6002,60,0,33120.0,33126,906,3,4.4751,4.5254,434.275626,-122.67055166666668,45.62744166666667,2,6,09:12:06,09:12:00,09:12:06
