vehicle_number,leave_time,train,route_number,direction,stop_time,arrive_time,location_id,estimated_load,train_mileage,pattern_distance,location_distance,x_coordinate,y_coordinate,data_source,schedule_status,leave,stop,arrive
2288,55832,2501,19,1,55800.0,55832,1044,4,0.0,0.0,485.726764,-122.64103333333334,45.73038666666667,2,5,15:30:32,15:30:00,15:30:32
2288,56396,2501,19,1,55800.0,56396,534,4,3.7338,3.8649,169.293697,-122.65470166666668,45.696745,2,2,15:39:56,15:30:00,15:39:56
2288,56697,2501,19,1,56820.0,56697,877,0,4.6454,4.7945,36.750296,-122.664005,45.69029333333334,2,6,15:44:57,15:47:00,15:44:57
2288,56325,2501,19,1,56820.0,56325,530,4,3.0932,3.2193,212.781367,-122.64997333333334,45.70537333333333,2,2,15:38:45,15:47:00,15:38:45
2288,56344,2501,19,1,56820.0,56344,531,4,3.2697,3.402,41.898091,-122.65098,45.703543333333336,2,2,15:39:04,15:47:00,15:39:04
2288,56514,2501,19,1,56820.0,56514,756,4,3.9749,4.1259,129.190061,-122.65660666666666,45.693325,2,2,15:41:54,15:47:00,15:41:54
2288,56246,2501,19,1,56820.0,56246,931,4,2.4463,2.5613,180.290823,-122.65146333333334,45.71464,2,2,15:37:26,15:47:00,15:37:26
2288,56357,2501,19,1,56820.0,56357,532,4,3.3983,3.5356,45.751826,-122.65207,45.70151666666667,2,2,15:39:17,15:47:00,15:39:17
2288,56370,2501,19,1,56820.0,56370,533,4,3.5219,3.6624,143.330152,-122.65318333333332,45.69955,2,2,15:39:30,15:47:00,15:39:30
