vehicle_number,leave_time,train,route_number,direction,stop_time,arrive_time,location_id,estimated_load,train_mileage,pattern_distance,location_distance,x_coordinate,y_coordinate,data_source,schedule_status,leave,stop,arrive
4004,76579,6001,60,1,,76579,1015,3,2.5619,2.7452,190.774263,-122.684295,45.61284,2,2,21:16:19,,21:16:19
4004,76480,6001,60,1,76440.0,76480,986,3,2.1462,2.2972,162.09118,-122.68142666666668,45.61069666666667,2,4,21:14:40,21:14:00,21:14:40
4004,76796,6001,60,1,76860.0,76796,832,0,4.0625,4.3782,8.549046,-122.68546333333332,45.59614666666667,2,6,21:19:56,21:21:00,21:19:56
4004,75995,6001,60,1,76860.0,75987,908,3,0.0398,0.1877,31.743356,-122.67050333333331,45.628585,2,2,21:06:35,21:21:00,21:06:27
