vehicle_number,leave_time,train,route_number,direction,stop_time,arrive_time,location_id,estimated_load,train_mileage,pattern_distance,location_distance,x_coordinate,y_coordinate,data_source,schedule_status,leave,stop,arrive
4004,34052,6001,60,1,34020.0,34052,906,1,0.0,0.0,519.632824,-122.67058833333331,45.627675,2,5,09:27:32,09:27:00,09:27:32
4004,34199,6001,60,1,34200.0,34159,1132,5,0.1752,0.3275,17.110612,-122.67040166666666,45.63050166666667,2,4,09:29:59,09:30:00,09:29:19
