vehicle_number,leave_time,train,route_number,direction,stop_time,arrive_time,location_id,estimated_load,train_mileage,pattern_distance,location_distance,x_coordinate,y_coordinate,data_source,schedule_status,leave,stop,arrive
4034,57437,6002,60,1,57420.0,57263,1132,5,0.2914,0.3275,9.710219,-122.67040166666666,45.63052833333333,2,4,15:57:17,15:57:00,15:54:23
4034,57944,6002,60,1,57420.0,57934,1015,7,2.6402,2.7452,22.501392,-122.684685,45.61232833333333,2,2,16:05:44,15:57:00,16:05:34
4034,57139,6002,60,1,57240.0,57139,906,5,0.0,0.0,13.16677,-122.67051,45.626286666666665,2,5,15:52:19,15:54:00,15:52:19
4034,57223,6002,60,1,57240.0,57192,908,8,0.1578,0.1877,32.725641,-122.67048166666666,45.628595,2,2,15:53:43,15:54:00,15:53:12
