vehicle_number,leave_time,train,route_number,direction,stop_time,arrive_time,location_id,estimated_load,train_mileage,pattern_distance,location_distance,x_coordinate,y_coordinate,data_source,schedule_status,leave,stop,arrive
4004,67931,6001,60,1,67980.0,67931,832,0,4.1831,4.3782,9.102492,-122.68546,45.59614833333333,2,6,18:52:11,18:53:00,18:52:11
4004,66974,6001,60,1,67080.0,66974,906,6,0.0,0.0,24.407502,-122.67041166666668,45.62623166666667,2,5,18:36:14,18:38:00,18:36:14
4004,67578,6001,60,1,67560.0,67544,986,4,2.2289,2.2972,42.040295,-122.68124333333331,45.611,2,4,18:46:18,18:46:00,18:45:44
4004,67682,6001,60,1,67560.0,67682,1015,4,2.6738,2.7452,124.80016,-122.68442666666668,45.612685,2,2,18:48:02,18:46:00,18:48:02
