vehicle_number,leave_time,train,route_number,direction,stop_time,arrive_time,location_id,estimated_load,train_mileage,pattern_distance,location_distance,x_coordinate,y_coordinate,data_source,schedule_status,leave,stop,arrive
4015,47627,6501,65,0,47640,47627,0.0,7,1.5031,1.5043,109.526941,-122.545785,45.57481166666667,1,4,13:13:47,13:14:00,13:13:47
4015,48096,6501,65,0,48240,48096,492.0,0,6.6188,6.5592,115.325726,-122.50523166666666,45.594521666666665,2,6,13:21:36,13:24:00,13:21:36
4015,47909,6501,65,0,48120,47909,0.0,7,5.6998,5.7222,42.771456,-122.51442333333334,45.594523333333335,1,4,13:18:29,13:22:00,13:18:29
4015,47814,6501,65,0,47940,47814,0.0,7,4.1216,4.1445,73.47125,-122.545585,45.60201,1,4,13:16:54,13:19:00,13:16:54
