vehicle_number,leave_time,train,route_number,direction,stop_time,arrive_time,location_id,estimated_load,train_mileage,pattern_distance,location_distance,x_coordinate,y_coordinate,data_source,schedule_status,leave,stop,arrive
4034,59934,6002,60,1,,59860,908,10,0.1578,0.1877,25.276797,-122.670475,45.628575,2,2,16:38:54,,16:37:40
4034,60870,6002,60,1,60960.0,60870,832,0,4.1856,4.3782,18.738312,-122.68547833333334,45.59610666666666,2,6,16:54:30,16:56:00,16:54:30
4034,60177,6002,60,1,60120.0,59974,1132,9,0.2914,0.3275,3.032635,-122.67042666666669,45.63055,2,4,16:42:57,16:42:00,16:39:34
4034,60502,6002,60,1,60480.0,60464,986,11,2.2282,2.2972,51.454879,-122.681255,45.610975,2,4,16:48:22,16:48:00,16:47:44
