vehicle_number,leave_time,train,route_number,direction,stop_time,arrive_time,location_id,estimated_load,train_mileage,pattern_distance,location_distance,x_coordinate,y_coordinate,data_source,schedule_status,leave,stop,arrive
4015,36595,6501,65,1,36600,36595,722.0,2,6.9159,7.2607,13.297321,-122.56453166666668,45.55873,2,6,10:09:55,10:10:00,10:09:55
4015,36354,6501,65,1,36420,36354,0.0,4,4.7243,4.8989,140.068576,-122.54416166666668,45.57918333333333,1,4,10:05:54,10:07:00,10:05:54
4015,36183,6501,65,1,36240,36183,0.0,4,2.3904,2.5644,340.463303,-122.54656333333334,45.60283833333333,1,4,10:03:03,10:04:00,10:03:03
