vehicle_number,leave_time,train,route_number,direction,stop_time,arrive_time,location_id,estimated_load,train_mileage,pattern_distance,location_distance,x_coordinate,y_coordinate,data_source,schedule_status,leave,stop,arrive
4015,39179,6501,65,0,39240,39179,492.0,0,6.6275,6.5592,101.286722,-122.50518666666666,45.594495,2,6,10:52:59,10:54:00,10:52:59
4015,38706,6501,65,0,38640,38706,0.0,5,1.5068,1.5043,73.267214,-122.54583666666667,45.57471833333334,1,4,10:45:06,10:44:00,10:45:06
4015,39002,6501,65,0,39120,39002,0.0,5,5.698,5.7222,177.177056,-122.51521333333334,45.59473666666667,1,4,10:50:02,10:52:00,10:50:02
4015,38833,6501,65,0,38820,38833,0.0,5,3.3479,3.3716,108.441342,-122.55073,45.60021,1,4,10:47:13,10:47:00,10:47:13
