vehicle_number,leave_time,train,route_number,direction,stop_time,arrive_time,location_id,estimated_load,train_mileage,pattern_distance,location_distance,x_coordinate,y_coordinate,data_source,schedule_status,leave,stop,arrive
4015,54231,6501,65,1,54300,54231,0.0,5,3.0348,3.215,74.925009,-122.55164666666668,45.60288,1,4,15:03:51,15:05:00,15:03:51
4015,54336,6501,65,1,54420,54336,0.0,5,4.7193,4.8989,163.450359,-122.54418666666666,45.579121666666666,1,4,15:05:36,15:07:00,15:05:36
4015,54553,6501,65,1,54600,54553,722.0,3,6.9059,7.2607,19.449712,-122.56456333333334,45.558726666666665,2,6,15:09:13,15:10:00,15:09:13
