vehicle_number,leave_time,train,route_number,direction,stop_time,arrive_time,location_id,estimated_load,train_mileage,pattern_distance,location_distance,x_coordinate,y_coordinate,data_source,schedule_status,leave,stop,arrive
2404,65316,601,6,1,,65316,1036,2,1.7846,1.5801,164.997989,-122.68079666666668,45.64028666666667,2,2,18:08:36,,18:08:36
2404,65114,601,6,1,,65114,128,1,1.1526,0.937,69.823401,-122.66715333333332,45.64016,2,2,18:05:14,,18:05:14
2404,64119,601,6,1,64800.0,64119,880,1,0.0,0.0,289.649515,-122.65661833333333,45.638041666666666,2,5,17:48:39,18:00:00,17:48:39
2404,65395,601,6,1,64800.0,65395,3,2,2.4364,2.2605,31.06974,-122.69252166666666,45.641375,2,2,18:09:55,18:00:00,18:09:55
2404,65249,601,6,1,65160.0,65217,1019,2,1.3838,1.2135,8.594851,-122.672585,45.640233333333335,2,4,18:07:29,18:06:00,18:06:57
