vehicle_number,leave_time,train,route_number,direction,stop_time,arrive_time,location_id,estimated_load,train_mileage,pattern_distance,location_distance,x_coordinate,y_coordinate,data_source,schedule_status,leave,stop,arrive
4015,48832,6501,65,1,48900,48832,0.0,7,3.0093,3.215,172.832814,-122.55177166666668,45.60355333333333,1,4,13:33:52,13:35:00,13:33:52
4015,48776,6501,65,1,48840,48776,0.0,7,2.3892,2.5644,21.348035,-122.54788833333332,45.60315,1,4,13:32:56,13:34:00,13:32:56
4015,48591,6501,65,1,48600,48591,492.0,7,0.0,2.0822,112.535457,-122.50521333333332,45.59452,2,5,13:29:51,13:30:00,13:29:51
