vehicle_number,leave_time,train,route_number,direction,stop_time,arrive_time,location_id,estimated_load,train_mileage,pattern_distance,location_distance,x_coordinate,y_coordinate,data_source,schedule_status,leave,stop,arrive
4034,77009,6002,60,1,,76992,908,4,0.0255,0.1877,38.32348,-122.67048666666666,45.62861,2,2,21:23:29,,21:23:12
4034,77505,6002,60,1,,77489,1015,6,2.5047,2.7452,17.564808,-122.68468166666666,45.612341666666666,2,2,21:31:45,,21:31:29
4034,76981,6002,60,1,76920.0,76981,906,4,0.0,0.0,615.843126,-122.67054,45.62794,2,5,21:23:01,21:22:00,21:23:01
4034,77403,6002,60,1,77340.0,77368,986,5,2.0922,2.2972,61.506646,-122.68125166666668,45.61094333333333,2,4,21:30:03,21:29:00,21:29:28
