vehicle_number,leave_time,train,route_number,direction,stop_time,arrive_time,location_id,estimated_load,train_mileage,pattern_distance,location_distance,x_coordinate,y_coordinate,data_source,schedule_status,leave,stop,arrive
4034,80580,6002,60,1,,80522,908,6,0.1591,0.1877,21.53345,-122.6705,45.62855166666667,2,2,22:23:00,,22:22:02
4034,80475,6002,60,1,80520.0,80475,906,4,0.0,0.0,23.481569,-122.67057,45.62620833333333,2,5,22:21:15,22:22:00,22:21:15
4034,81209,6002,60,1,80940.0,81196,986,3,2.227,2.2972,65.85569,-122.68127166666666,45.61093666666667,2,4,22:33:29,22:29:00,22:33:16
4034,81309,6002,60,1,80940.0,81292,1015,4,2.6396,2.7452,22.852977,-122.68467833333334,45.61232666666667,2,2,22:35:09,22:29:00,22:34:52
