vehicle_number,leave_time,train,route_number,direction,stop_time,arrive_time,location_id,estimated_load,train_mileage,pattern_distance,location_distance,x_coordinate,y_coordinate,data_source,schedule_status,leave,stop,arrive
4004,52945,6001,60,1,52920.0,52683,1132,9,0.2927,0.3275,29.949819,-122.67044,45.630625,2,4,14:42:25,14:42:00,14:38:03
4004,53317,6001,60,1,53280.0,53284,986,7,2.2307,2.2972,47.817585,-122.68122666666666,45.610976666666666,2,4,14:48:37,14:48:00,14:48:04
4004,53692,6001,60,1,53760.0,53692,832,0,4.1887,4.3782,14.646331,-122.68545333333331,45.59612833333333,2,6,14:54:52,14:56:00,14:54:52
4004,53420,6001,60,1,53760.0,53401,1015,6,2.6427,2.7452,24.666395,-122.68467833333334,45.612321666666666,2,2,14:50:20,14:56:00,14:50:01
