vehicle_number,leave_time,train,route_number,direction,stop_time,arrive_time,location_id,estimated_load,train_mileage,pattern_distance,location_distance,x_coordinate,y_coordinate,data_source,schedule_status,leave,stop,arrive
2287,67184,2502,19,1,,67171,530,0,3.0484,3.2193,26.750548,-122.64970333333332,45.705848333333336,2,2,18:39:44,,18:39:31
2287,67206,2502,19,1,,67206,531,0,3.2622,3.402,104.261673,-122.65088666666666,45.70370666666667,2,2,18:40:06,,18:40:06
2287,67233,2502,19,1,,67233,533,0,3.525,3.6624,89.910618,-122.65310833333334,45.699686666666665,2,2,18:40:33,,18:40:33
2287,67523,2502,19,1,67560.0,67523,877,0,4.6733,4.7945,1193.331899,-122.66433666666669,45.687025,2,6,18:45:23,18:46:00,18:45:23
2287,67144,2502,19,1,67560.0,67144,933,2,2.8732,2.9876,105.469513,-122.64923,45.708875,2,2,18:39:04,18:46:00,18:39:04
2287,67271,2502,19,1,67560.0,67271,534,0,3.7139,3.8649,104.219791,-122.65461666666668,45.696913333333335,2,2,18:41:11,18:46:00,18:41:11
2287,67337,2502,19,1,67560.0,67337,756,0,3.9793,4.1259,160.26511,-122.656655,45.69324666666667,2,2,18:42:17,18:46:00,18:42:17
2287,67219,2502,19,1,67560.0,67219,532,0,3.3995,3.5356,15.571546,-122.65199,45.701656666666665,2,2,18:40:19,18:46:00,18:40:19
2287,66646,2502,19,1,66540.0,66646,1044,2,0.0,0.0,392.220931,-122.641025,45.73013,2,5,18:30:46,18:29:00,18:30:46
