vehicle_number,leave_time,train,route_number,direction,stop_time,arrive_time,location_id,estimated_load,train_mileage,pattern_distance,location_distance,x_coordinate,y_coordinate,data_source,schedule_status,leave,stop,arrive
4004,69067,6001,60,1,69060.0,68907,1132,5,0.1715,0.3275,9.389529,-122.67041666666668,45.63052,2,4,19:11:07,19:11:00,19:08:27
4004,69459,6001,60,1,69060.0,69459,1015,5,2.5507,2.7452,143.008549,-122.68439166666668,45.61272833333334,2,2,19:17:39,19:11:00,19:17:39
4004,69355,6001,60,1,69300.0,69296,986,5,2.1058,2.2972,70.434821,-122.68127333333334,45.61092333333333,2,4,19:15:55,19:15:00,19:14:56
4004,68802,6001,60,1,68880.0,68802,906,3,0.0,0.0,500.04935,-122.67057333333334,45.62762166666667,2,5,19:06:42,19:08:00,19:06:42
