vehicle_number,leave_time,train,route_number,direction,stop_time,arrive_time,location_id,estimated_load,train_mileage,pattern_distance,location_distance,x_coordinate,y_coordinate,data_source,schedule_status,leave,stop,arrive
4015,61362,6501,65,1,61440,61362,0.0,3,2.3823,2.5644,231.095307,-122.546975,45.60291333333333,1,4,17:02:42,17:04:00,17:02:42
4015,61193,6501,65,1,61200,61193,492.0,3,0.0,2.0822,109.520094,-122.50519666666666,45.59451666666666,2,5,16:59:53,17:00:00,16:59:53
4015,61419,6501,65,1,61500,61419,0.0,3,3.0335,3.215,244.742179,-122.551815,45.603748333333336,1,4,17:03:39,17:05:00,17:03:39
