vehicle_number,leave_time,train,route_number,direction,stop_time,arrive_time,location_id,estimated_load,train_mileage,pattern_distance,location_distance,x_coordinate,y_coordinate,data_source,schedule_status,leave,stop,arrive
4034,66385,6002,60,1,,66286,908,5,0.0261,0.1877,23.941481,-122.670495,45.62856333333333,2,2,18:26:25,,18:24:46
4034,66973,6002,60,1,,66938,1015,14,2.5054,2.7452,11.043518,-122.68465666666668,45.61236,2,2,18:36:13,,18:35:38
4034,67240,6002,60,1,67140.0,67240,832,0,4.0613,4.3782,77.902983,-122.68549666666668,45.59594333333333,2,6,18:40:40,18:39:00,18:40:40
4034,66274,6002,60,1,66240.0,66274,906,4,0.0,0.0,635.937444,-122.67055,45.627995,2,5,18:24:34,18:24:00,18:24:34
