vehicle_number,leave_time,train,route_number,direction,stop_time,arrive_time,location_id,estimated_load,train_mileage,pattern_distance,location_distance,x_coordinate,y_coordinate,data_source,schedule_status,leave,stop,arrive
2404,68745,601,6,1,68760.0,68701,1019,0,1.1713,1.2135,0.257891,-122.67260666666668,45.64025166666666,2,4,19:05:45,19:06:00,19:05:01
2404,68768,601,6,1,68760.0,68768,1035,0,1.331,1.3527,88.797957,-122.675125,45.64025333333333,2,2,19:06:08,19:06:00,19:06:08
2404,68812,601,6,1,68760.0,68812,1036,0,1.5758,1.5801,161.294677,-122.68078333333334,45.64029666666666,2,2,19:06:52,19:06:00,19:06:52
2404,69022,601,6,1,68760.0,68893,3,1,2.1823,2.2605,3.842354,-122.69249833333332,45.641461666666665,2,2,19:10:22,19:06:00,19:08:13
2404,68630,601,6,1,68760.0,68630,128,0,0.9426,0.937,62.51195,-122.66712666666666,45.640166666666666,2,2,19:03:50,19:06:00,19:03:50
