vehicle_number,leave_time,train,route_number,direction,stop_time,arrive_time,location_id,estimated_load,train_mileage,pattern_distance,location_distance,x_coordinate,y_coordinate,data_source,schedule_status,leave,stop,arrive
4015,55814,6501,65,1,55800,55814,492.0,8,0.0,2.0822,104.94008,-122.50519,45.594505,2,5,15:30:14,15:30:00,15:30:14
4015,55991,6501,65,1,56040,55991,0.0,8,2.3886,2.5644,30.68329,-122.54792333333332,45.60315833333333,1,4,15:33:11,15:34:00,15:33:11
4015,56152,6501,65,1,56220,56152,0.0,8,4.7181,4.8989,121.172205,-122.54402333333331,45.57988833333334,1,4,15:35:52,15:37:00,15:35:52
