vehicle_number,leave_time,train,route_number,direction,stop_time,arrive_time,location_id,estimated_load,train_mileage,pattern_distance,location_distance,x_coordinate,y_coordinate,data_source,schedule_status,leave,stop,arrive
4034,69701,6002,60,1,69780.0,69701,906,5,0.0,0.0,629.17917,-122.67053166666666,45.62797666666667,2,5,19:21:41,19:23:00,19:21:41
4034,70355,6002,60,1,69780.0,70355,1015,7,2.5395,2.7452,129.77741,-122.68441666666666,45.612696666666665,2,2,19:32:35,19:23:00,19:32:35
4034,70573,6002,60,1,70620.0,70573,832,0,4.0619,4.3782,75.830179,-122.68552166666667,45.59595,2,6,19:36:13,19:37:00,19:36:13
4034,70247,6002,60,1,70200.0,70205,986,7,2.0928,2.2972,27.926988,-122.68120166666668,45.61102833333333,2,4,19:30:47,19:30:00,19:30:05
