vehicle_number,leave_time,train,route_number,direction,stop_time,arrive_time,location_id,estimated_load,train_mileage,pattern_distance,location_distance,x_coordinate,y_coordinate,data_source,schedule_status,leave,stop,arrive
4034,42772,6002,60,1,42720.0,42772,832,0,3.1236,3.3287,83.657878,-122.68552,45.59592833333333,2,6,11:52:52,11:52:00,11:52:52
4034,42360,6002,60,1,42720.0,42333,908,7,0.0423,0.1877,26.658019,-122.67048333333334,45.62844333333334,2,2,11:46:00,11:52:00,11:45:33
