vehicle_number,leave_time,train,route_number,direction,stop_time,arrive_time,location_id,estimated_load,train_mileage,pattern_distance,location_distance,x_coordinate,y_coordinate,data_source,schedule_status,leave,stop,arrive
4004,46291,6001,60,1,46380.0,46291,906,4,0.0,0.0,642.057831,-122.67055833333332,45.628011666666666,2,5,12:51:31,12:53:00,12:51:31
4004,47057,6001,60,1,46380.0,47021,1015,3,2.524,2.7452,127.903524,-122.684415,45.61269,2,2,13:04:17,12:53:00,13:03:41
4004,46332,6001,60,1,46380.0,46299,908,4,0.0267,0.1877,22.703148,-122.67050166666668,45.628555,2,2,12:52:12,12:53:00,12:51:39
4004,46939,6001,60,1,46800.0,46810,986,6,2.0953,2.2972,21.386422,-122.68120166666668,45.611048333333336,2,4,13:02:19,13:00:00,13:00:10
