vehicle_number,leave_time,train,route_number,direction,stop_time,arrive_time,location_id,estimated_load,train_mileage,pattern_distance,location_distance,x_coordinate,y_coordinate,data_source,schedule_status,leave,stop,arrive
4015,51691,6501,65,0,51840,51691,492.0,0,6.6226,6.5592,115.402076,-122.505195,45.594535,2,6,14:21:31,14:24:00,14:21:31
4015,51422,6501,65,0,51540,51422,0.0,6,4.1191,4.1445,161.05754,-122.54591833333332,45.60205333333333,1,4,14:17:02,14:19:00,14:17:02
4015,51034,6501,65,0,51000,51034,722.0,6,0.0,0.0,17.585503,-122.56456333333334,45.558735,2,5,14:10:34,14:10:00,14:10:34
4015,51234,6501,65,0,51240,51234,0.0,6,1.5112,1.5043,300.87707,-122.54654,45.57382166666667,1,4,14:13:54,14:14:00,14:13:54
