vehicle_number,leave_time,train,route_number,direction,stop_time,arrive_time,location_id,estimated_load,train_mileage,pattern_distance,location_distance,x_coordinate,y_coordinate,data_source,schedule_status,leave,stop,arrive
2404,50792,601,6,1,,50792,1035,5,1.3384,1.3527,26.398351,-122.67556,45.640231666666665,2,2,14:06:32,,14:06:32
2404,50950,601,6,1,51000.0,50950,995,3,2.4706,2.5445,34.333901,-122.69237166666667,45.64551166666666,2,6,14:09:10,14:10:00,14:09:10
2404,50708,601,6,1,51000.0,50708,128,5,0.9501,0.937,105.438364,-122.66730333333334,45.64018166666666,2,2,14:05:08,14:10:00,14:05:08
2404,50441,601,6,1,50400.0,50441,880,5,0.0,0.0,14.99639,-122.655585,45.638306666666665,2,5,14:00:41,14:00:00,14:00:41
2404,50825,601,6,1,50400.0,50825,1036,5,1.5839,1.5801,42.624171,-122.68031166666668,45.640276666666665,2,2,14:07:05,14:00:00,14:07:05
